board_index,content_index,type,date,date_iso,fixed,title,author_id,author_name,player_id,amount,from_user_id,from_user_name,to_user_id,to_user_name,content_json
0,0,market,1779944866,2026-05-28T05:07:46+00:00,False,,,,12734,25296614,,,5684093,CD Cornisa Azul,"{""player"":12734,""to"":{""id"":5684093,""name"":""CD Cornisa Azul"",""icon"":""icons/42.png""},""amount"":25296614}"
1,0,market,1779688933,2026-05-25T06:02:13+00:00,False,,,,40071,56288179,,,10089858,Karlox F.C.,"{""player"":40071,""to"":{""id"":10089858,""name"":""Karlox F.C."",""icon"":""icons/7.png""},""amount"":56288179}"
2,0,market,1779340499,2026-05-21T05:14:59+00:00,False,,,,11800,7290000,,,6826480,Víctor Orta,"{""player"":11800,""to"":{""id"":6826480,""name"":""Víctor Orta"",""icon"":""i/u/6826480.png""},""amount"":7290000}"
2,1,market,1779340499,2026-05-21T05:14:59+00:00,False,,,,40009,6120000,,,6826480,Víctor Orta,"{""player"":40009,""to"":{""id"":6826480,""name"":""Víctor Orta"",""icon"":""i/u/6826480.png""},""amount"":6120000}"
3,0,market,1778648905,2026-05-13T05:08:25+00:00,False,,,,37600,2510000,,,8128710,Los vengadores,"{""player"":37600,""to"":{""id"":8128710,""name"":""Los vengadores"",""icon"":""icons/11.png""},""amount"":2510000}"
4,0,market,1778476106,2026-05-11T05:08:26+00:00,False,,,,35770,13880000,,,8128710,Los vengadores,"{""player"":35770,""to"":{""id"":8128710,""name"":""Los vengadores"",""icon"":""icons/11.png""},""amount"":13880000}"
5,0,transfer,1778225631,2026-05-08T07:33:51+00:00,False,,,,31707,4721300,8127478,Arregui,,,"{""player"":31707,""from"":{""id"":8127478,""name"":""Arregui"",""icon"":""https://lh3.googleusercontent.com/a/AItbvmlJOQCrYJFKsWPDYSjpqt1A7kAZJUhj-ZkmC-6Q=s300-c""},""amount"":4721300}"
5,1,transfer,1778225631,2026-05-08T07:33:51+00:00,False,,,,18397,9798400,8127478,Arregui,,,"{""player"":18397,""from"":{""id"":8127478,""name"":""Arregui"",""icon"":""https://lh3.googleusercontent.com/a/AItbvmlJOQCrYJFKsWPDYSjpqt1A7kAZJUhj-ZkmC-6Q=s300-c""},""amount"":9798400}"
5,2,transfer,1778225631,2026-05-08T07:33:51+00:00,False,,,,30789,8115500,8127478,Arregui,,,"{""player"":30789,""from"":{""id"":8127478,""name"":""Arregui"",""icon"":""https://lh3.googleusercontent.com/a/AItbvmlJOQCrYJFKsWPDYSjpqt1A7kAZJUhj-ZkmC-6Q=s300-c""},""amount"":8115500}"
5,3,transfer,1778225631,2026-05-08T07:33:51+00:00,False,,,,40009,1961700,8127478,Arregui,,,"{""player"":40009,""from"":{""id"":8127478,""name"":""Arregui"",""icon"":""https://lh3.googleusercontent.com/a/AItbvmlJOQCrYJFKsWPDYSjpqt1A7kAZJUhj-ZkmC-6Q=s300-c""},""amount"":1961700}"
6,0,market,1778216827,2026-05-08T05:07:07+00:00,False,,,,12526,21090000,,,8127478,Arregui,"{""player"":12526,""to"":{""id"":8127478,""name"":""Arregui"",""icon"":""https://lh3.googleusercontent.com/a/AItbvmlJOQCrYJFKsWPDYSjpqt1A7kAZJUhj-ZkmC-6Q=s300-c""},""amount"":21090000}"
6,1,market,1778216827,2026-05-08T05:07:07+00:00,False,,,,29631,9000000,,,8127478,Arregui,"{""player"":29631,""to"":{""id"":8127478,""name"":""Arregui"",""icon"":""https://lh3.googleusercontent.com/a/AItbvmlJOQCrYJFKsWPDYSjpqt1A7kAZJUhj-ZkmC-6Q=s300-c""},""amount"":9000000}"
7,0,transfer,1777885175,2026-05-04T08:59:35+00:00,False,,,,35901,1523400,6826480,Víctor Orta,,,"{""player"":35901,""from"":{""id"":6826480,""name"":""Víctor Orta"",""icon"":""i/u/6826480.png""},""amount"":1523400}"
8,0,market,1777871042,2026-05-04T05:04:02+00:00,False,,,,17756,5390000,,,6826480,Víctor Orta,"{""player"":17756,""to"":{""id"":6826480,""name"":""Víctor Orta"",""icon"":""i/u/6826480.png""},""amount"":5390000}"
9,0,market,1777525555,2026-04-30T05:05:55+00:00,False,,,,40009,3370000,,,8127478,Arregui,"{""player"":40009,""to"":{""id"":8127478,""name"":""Arregui"",""icon"":""https://lh3.googleusercontent.com/a/AItbvmlJOQCrYJFKsWPDYSjpqt1A7kAZJUhj-ZkmC-6Q=s300-c""},""amount"":3370000}"
10,0,market,1777439506,2026-04-29T05:11:46+00:00,False,,,,26592,1540000,,,6826480,Víctor Orta,"{""player"":26592,""to"":{""id"":6826480,""name"":""Víctor Orta"",""icon"":""i/u/6826480.png""},""amount"":1540000}"
11,0,transfer,1777054130,2026-04-24T18:08:50+00:00,False,,,,30210,2858700,11678835,Julia,,,"{""player"":30210,""from"":{""id"":11678835,""name"":""Julia"",""icon"":""https://graph.facebook.com/10218096465979952/picture?height=300&width=300""},""amount"":2858700}"
11,1,transfer,1777054130,2026-04-24T18:08:50+00:00,False,,,,38365,1007800,11678835,Julia,,,"{""player"":38365,""from"":{""id"":11678835,""name"":""Julia"",""icon"":""https://graph.facebook.com/10218096465979952/picture?height=300&width=300""},""amount"":1007800}"
12,0,market,1777007228,2026-04-24T05:07:08+00:00,False,,,,1908,3420000,,,11678835,Julia,"{""player"":1908,""to"":{""id"":11678835,""name"":""Julia"",""icon"":""https://graph.facebook.com/10218096465979952/picture?height=300&width=300""},""amount"":3420000}"
12,1,market,1777007228,2026-04-24T05:07:08+00:00,False,,,,5771,1210000,,,11678835,Julia,"{""player"":5771,""to"":{""id"":11678835,""name"":""Julia"",""icon"":""https://graph.facebook.com/10218096465979952/picture?height=300&width=300""},""amount"":1210000}"
13,0,transfer,1776979733,2026-04-23T21:28:53+00:00,False,,,,26945,9397900,6822272,Ricardo J,,,"{""player"":26945,""from"":{""id"":6822272,""name"":""Ricardo J""},""amount"":9397900}"
13,1,transfer,1776979733,2026-04-23T21:28:53+00:00,False,,,,35249,2664200,6822272,Ricardo J,,,"{""player"":35249,""from"":{""id"":6822272,""name"":""Ricardo J""},""amount"":2664200}"
14,0,market,1776661574,2026-04-20T05:06:14+00:00,False,,,,37711,14900000,,,6822272,Ricardo J,"{""player"":37711,""to"":{""id"":6822272,""name"":""Ricardo J""},""amount"":14900000,""bids"":[{""user"":{""id"":6826480,""name"":""Víctor Orta"",""icon"":""i/u/6826480.png""},""amount"":13190000}]}"
15,0,transfer,1776637592,2026-04-19T22:26:32+00:00,False,,,,39804,2561600,6822272,Ricardo J,,,"{""player"":39804,""from"":{""id"":6822272,""name"":""Ricardo J""},""amount"":2561600}"
16,0,transfer,1776597615,2026-04-19T11:20:15+00:00,False,,,,17482,2776800,6826480,Víctor Orta,,,"{""player"":17482,""from"":{""id"":6826480,""name"":""Víctor Orta"",""icon"":""i/u/6826480.png""},""amount"":2776800}"
16,1,transfer,1776597615,2026-04-19T11:20:15+00:00,False,,,,19862,7078700,6826480,Víctor Orta,,,"{""player"":19862,""from"":{""id"":6826480,""name"":""Víctor Orta"",""icon"":""i/u/6826480.png""},""amount"":7078700}"
17,0,transfer,1776589838,2026-04-19T09:10:38+00:00,False,,,,30495,10736700,8127478,Arregui,,,"{""player"":30495,""from"":{""id"":8127478,""name"":""Arregui"",""icon"":""https://lh3.googleusercontent.com/a/AItbvmlJOQCrYJFKsWPDYSjpqt1A7kAZJUhj-ZkmC-6Q=s300-c""},""amount"":10736700}"
18,0,market,1776575630,2026-04-19T05:13:50+00:00,False,,,,38493,1790000,,,6826480,Víctor Orta,"{""player"":38493,""to"":{""id"":6826480,""name"":""Víctor Orta"",""icon"":""i/u/6826480.png""},""amount"":1790000}"
18,1,market,1776575630,2026-04-19T05:13:50+00:00,False,,,,38178,1020000,,,6826480,Víctor Orta,"{""player"":38178,""to"":{""id"":6826480,""name"":""Víctor Orta"",""icon"":""i/u/6826480.png""},""amount"":1020000}"
19,0,market,1776402429,2026-04-17T05:07:09+00:00,False,,,,1249,9990000,,,8127478,Arregui,"{""player"":1249,""to"":{""id"":8127478,""name"":""Arregui"",""icon"":""https://lh3.googleusercontent.com/a/AItbvmlJOQCrYJFKsWPDYSjpqt1A7kAZJUhj-ZkmC-6Q=s300-c""},""amount"":9990000,""bids"":[{""user"":{""id"":6826480,""name"":""Víctor Orta"",""icon"":""i/u/6826480.png""},""amount"":8230000}]}"
20,0,transfer,1776361295,2026-04-16T17:41:35+00:00,False,,,,17731,4442900,6826480,Víctor Orta,,,"{""player"":17731,""from"":{""id"":6826480,""name"":""Víctor Orta"",""icon"":""i/u/6826480.png""},""amount"":4442900}"
21,0,market,1776229704,2026-04-15T05:08:24+00:00,False,,,,10030,3160000,,,11678835,Julia,"{""player"":10030,""to"":{""id"":11678835,""name"":""Julia"",""icon"":""https://graph.facebook.com/10218096465979952/picture?height=300&width=300""},""amount"":3160000}"
22,0,transfer,1776156929,2026-04-14T08:55:29+00:00,False,,,,19299,2996400,8127478,Arregui,,,"{""player"":19299,""from"":{""id"":8127478,""name"":""Arregui"",""icon"":""https://lh3.googleusercontent.com/a/AItbvmlJOQCrYJFKsWPDYSjpqt1A7kAZJUhj-ZkmC-6Q=s300-c""},""amount"":2996400}"
23,0,market,1776143397,2026-04-14T05:09:57+00:00,False,,,,3159,8200000,,,6822272,Ricardo J,"{""player"":3159,""to"":{""id"":6822272,""name"":""Ricardo J""},""amount"":8200000}"
24,0,transfer,1776087874,2026-04-13T13:44:34+00:00,False,,,,38290,2730700,6822272,Ricardo J,,,"{""player"":38290,""from"":{""id"":6822272,""name"":""Ricardo J""},""amount"":2730700}"
24,1,transfer,1776087874,2026-04-13T13:44:34+00:00,False,,,,31027,13744300,6822272,Ricardo J,,,"{""player"":31027,""from"":{""id"":6822272,""name"":""Ricardo J""},""amount"":13744300}"
25,0,market,1776056851,2026-04-13T05:07:31+00:00,False,,,,38965,150000,,,6826480,Víctor Orta,"{""player"":38965,""to"":{""id"":6826480,""name"":""Víctor Orta"",""icon"":""i/u/6826480.png""},""amount"":150000}"
25,1,market,1776056851,2026-04-13T05:07:31+00:00,False,,,,21008,8300000,,,6822272,Ricardo J,"{""player"":21008,""to"":{""id"":6822272,""name"":""Ricardo J""},""amount"":8300000,""bids"":[{""user"":{""id"":6826480,""name"":""Víctor Orta"",""icon"":""i/u/6826480.png""},""amount"":7400000}]}"
26,0,transfer,1775937231,2026-04-11T19:53:51+00:00,False,,,,11800,5319100,6826480,Víctor Orta,,,"{""player"":11800,""from"":{""id"":6826480,""name"":""Víctor Orta"",""icon"":""i/u/6826480.png""},""amount"":5319100}"
27,0,market,1775884050,2026-04-11T05:07:30+00:00,False,,,,30801,150000,,,6826480,Víctor Orta,"{""player"":30801,""to"":{""id"":6826480,""name"":""Víctor Orta"",""icon"":""i/u/6826480.png""},""amount"":150000}"
27,1,market,1775884050,2026-04-11T05:07:30+00:00,False,,,,34802,6340000,,,8127478,Arregui,"{""player"":34802,""to"":{""id"":8127478,""name"":""Arregui"",""icon"":""https://lh3.googleusercontent.com/a/AItbvmlJOQCrYJFKsWPDYSjpqt1A7kAZJUhj-ZkmC-6Q=s300-c""},""amount"":6340000}"
28,0,market,1775711431,2026-04-09T05:10:31+00:00,False,,,,38365,2650000,,,11678835,Julia,"{""player"":38365,""to"":{""id"":11678835,""name"":""Julia"",""icon"":""https://graph.facebook.com/10218096465979952/picture?height=300&width=300""},""amount"":2650000}"
29,0,transfer,1775633369,2026-04-08T07:29:29+00:00,False,,,,38959,2977400,6822272,Ricardo J,,,"{""player"":38959,""from"":{""id"":6822272,""name"":""Ricardo J""},""amount"":2977400}"
29,1,transfer,1775633369,2026-04-08T07:29:29+00:00,False,,,,1523,2242600,6822272,Ricardo J,,,"{""player"":1523,""from"":{""id"":6822272,""name"":""Ricardo J""},""amount"":2242600}"
30,0,market,1775624918,2026-04-08T05:08:38+00:00,False,,,,35901,1600000,,,6826480,Víctor Orta,"{""player"":35901,""to"":{""id"":6826480,""name"":""Víctor Orta"",""icon"":""i/u/6826480.png""},""amount"":1600000}"
30,1,market,1775624918,2026-04-08T05:08:38+00:00,False,,,,38289,10888000,,,6822272,Ricardo J,"{""player"":38289,""to"":{""id"":6822272,""name"":""Ricardo J""},""amount"":10888000}"
30,2,market,1775624918,2026-04-08T05:08:38+00:00,False,,,,11800,5001000,,,6826480,Víctor Orta,"{""player"":11800,""to"":{""id"":6826480,""name"":""Víctor Orta"",""icon"":""i/u/6826480.png""},""amount"":5001000}"
31,0,market,1775538434,2026-04-07T05:07:14+00:00,False,,,,40010,170000,,,6826480,Víctor Orta,"{""player"":40010,""to"":{""id"":6826480,""name"":""Víctor Orta"",""icon"":""i/u/6826480.png""},""amount"":170000}"
31,1,market,1775538434,2026-04-07T05:07:14+00:00,False,,,,25396,1000100,,,8128710,Los vengadores,"{""player"":25396,""to"":{""id"":8128710,""name"":""Los vengadores"",""icon"":""icons/11.png""},""amount"":1000100}"
32,0,transfer,1775485061,2026-04-06T14:17:41+00:00,False,,,,27715,290700,6826480,Víctor Orta,,,"{""player"":27715,""from"":{""id"":6826480,""name"":""Víctor Orta"",""icon"":""i/u/6826480.png""},""amount"":290700}"
33,0,transfer,1775377220,2026-04-05T08:20:20+00:00,False,,,,2100,3816800,6826480,Víctor Orta,,,"{""player"":2100,""from"":{""id"":6826480,""name"":""Víctor Orta"",""icon"":""i/u/6826480.png""},""amount"":3816800}"
34,0,market,1775365570,2026-04-05T05:06:10+00:00,False,,,,9480,9000010,,,8127478,Arregui,"{""player"":9480,""to"":{""id"":8127478,""name"":""Arregui"",""icon"":""https://lh3.googleusercontent.com/a/AItbvmlJOQCrYJFKsWPDYSjpqt1A7kAZJUhj-ZkmC-6Q=s300-c""},""amount"":9000010,""bids"":[{""user"":{""id"":6826480,""name"":""Víctor Orta"",""icon"":""i/u/6826480.png""},""amount"":7501000}]}"
34,1,market,1775365570,2026-04-05T05:06:10+00:00,False,,,,23840,4310000,,,8127478,Arregui,"{""player"":23840,""to"":{""id"":8127478,""name"":""Arregui"",""icon"":""https://lh3.googleusercontent.com/a/AItbvmlJOQCrYJFKsWPDYSjpqt1A7kAZJUhj-ZkmC-6Q=s300-c""},""amount"":4310000}"
35,0,market,1775279204,2026-04-04T05:06:44+00:00,False,,,,37725,3880000,,,8127478,Arregui,"{""player"":37725,""to"":{""id"":8127478,""name"":""Arregui"",""icon"":""https://lh3.googleusercontent.com/a/AItbvmlJOQCrYJFKsWPDYSjpqt1A7kAZJUhj-ZkmC-6Q=s300-c""},""amount"":3880000}"
36,0,transfer,1775204303,2026-04-03T08:18:23+00:00,False,,,,11800,4894500,6826480,Víctor Orta,,,"{""player"":11800,""from"":{""id"":6826480,""name"":""Víctor Orta"",""icon"":""i/u/6826480.png""},""amount"":4894500}"
36,1,transfer,1775204303,2026-04-03T08:18:23+00:00,False,,,,7003,3279600,6826480,Víctor Orta,,,"{""player"":7003,""from"":{""id"":6826480,""name"":""Víctor Orta"",""icon"":""i/u/6826480.png""},""amount"":3279600}"
37,0,market,1775192694,2026-04-03T05:04:54+00:00,False,,,,1952,8180000,,,6826480,Víctor Orta,"{""player"":1952,""to"":{""id"":6826480,""name"":""Víctor Orta"",""icon"":""i/u/6826480.png""},""amount"":8180000}"
38,0,transfer,1775118843,2026-04-02T08:34:03+00:00,False,,,,27059,2557100,6826480,Víctor Orta,,,"{""player"":27059,""from"":{""id"":6826480,""name"":""Víctor Orta"",""icon"":""i/u/6826480.png""},""amount"":2557100}"
39,0,transfer,1774939823,2026-03-31T06:50:23+00:00,False,,,,37495,5680000,6826480,Víctor Orta,,,"{""player"":37495,""from"":{""id"":6826480,""name"":""Víctor Orta"",""icon"":""i/u/6826480.png""},""amount"":5680000}"
39,1,transfer,1774939823,2026-03-31T06:50:23+00:00,False,,,,11196,2627500,6826480,Víctor Orta,,,"{""player"":11196,""from"":{""id"":6826480,""name"":""Víctor Orta"",""icon"":""i/u/6826480.png""},""amount"":2627500}"
40,0,market,1774933629,2026-03-31T05:07:09+00:00,False,,,,25127,14610000,,,6826480,Víctor Orta,"{""player"":25127,""to"":{""id"":6826480,""name"":""Víctor Orta"",""icon"":""i/u/6826480.png""},""amount"":14610000}"
41,0,market,1774847148,2026-03-30T05:05:48+00:00,False,,,,15289,5470000,,,5684093,CD Cornisa Azul,"{""player"":15289,""to"":{""id"":5684093,""name"":""CD Cornisa Azul"",""icon"":""icons/42.png""},""amount"":5470000,""bids"":[{""user"":{""id"":8127478,""name"":""Arregui"",""icon"":""https://lh3.googleusercontent.com/a/AItbvmlJOQCrYJFKsWPDYSjpqt1A7kAZJUhj-ZkmC-6Q=s300-c""},""amount"":2190000}]}"
41,1,market,1774847148,2026-03-30T05:05:48+00:00,False,,,,38958,7777770,,,5684093,CD Cornisa Azul,"{""player"":38958,""to"":{""id"":5684093,""name"":""CD Cornisa Azul"",""icon"":""icons/42.png""},""amount"":7777770}"
42,0,transfer,1774771158,2026-03-29T07:59:18+00:00,False,,,,26930,22244300,8127478,Arregui,,,"{""player"":26930,""from"":{""id"":8127478,""name"":""Arregui"",""icon"":""https://lh3.googleusercontent.com/a/AItbvmlJOQCrYJFKsWPDYSjpqt1A7kAZJUhj-ZkmC-6Q=s300-c""},""amount"":22244300}"
43,0,market,1774677977,2026-03-28T06:06:17+00:00,False,,,,27059,1640000,,,6826480,Víctor Orta,"{""player"":27059,""to"":{""id"":6826480,""name"":""Víctor Orta"",""icon"":""i/u/6826480.png""},""amount"":1640000}"
43,1,market,1774677977,2026-03-28T06:06:17+00:00,False,,,,30789,10100000,,,8127478,Arregui,"{""player"":30789,""to"":{""id"":8127478,""name"":""Arregui"",""icon"":""https://lh3.googleusercontent.com/a/AItbvmlJOQCrYJFKsWPDYSjpqt1A7kAZJUhj-ZkmC-6Q=s300-c""},""amount"":10100000}"
44,0,market,1774591556,2026-03-27T06:05:56+00:00,False,,,,10155,2588000,,,8128710,Los vengadores,"{""player"":10155,""to"":{""id"":8128710,""name"":""Los vengadores"",""icon"":""icons/11.png""},""amount"":2588000}"
44,1,market,1774591556,2026-03-27T06:05:56+00:00,False,,,,31267,3688000,,,8128710,Los vengadores,"{""player"":31267,""to"":{""id"":8128710,""name"":""Los vengadores"",""icon"":""icons/11.png""},""amount"":3688000}"
45,0,market,1774332511,2026-03-24T06:08:31+00:00,False,,,,1612,4800000,,,8127478,Arregui,"{""player"":1612,""to"":{""id"":8127478,""name"":""Arregui"",""icon"":""https://lh3.googleusercontent.com/a/AItbvmlJOQCrYJFKsWPDYSjpqt1A7kAZJUhj-ZkmC-6Q=s300-c""},""amount"":4800000}"
46,0,market,1774159638,2026-03-22T06:07:18+00:00,False,,,,38116,1600000,,,11678835,Julia,"{""player"":38116,""to"":{""id"":11678835,""name"":""Julia"",""icon"":""https://graph.facebook.com/10218096465979952/picture?height=300&width=300""},""amount"":1600000}"
46,1,market,1774159638,2026-03-22T06:07:18+00:00,False,,,,24326,2930000,,,11678835,Julia,"{""player"":24326,""to"":{""id"":11678835,""name"":""Julia"",""icon"":""https://graph.facebook.com/10218096465979952/picture?height=300&width=300""},""amount"":2930000}"
47,0,transfer,1774082952,2026-03-21T08:49:12+00:00,False,,,,3259,2038800,10089858,Karlox F.C.,,,"{""player"":3259,""from"":{""id"":10089858,""name"":""Karlox F.C."",""icon"":""icons/7.png""},""amount"":2038800}"
48,0,market,1774073203,2026-03-21T06:06:43+00:00,False,,,,5697,200001,,,6826480,Víctor Orta,"{""player"":5697,""to"":{""id"":6826480,""name"":""Víctor Orta"",""icon"":""i/u/6826480.png""},""amount"":200001}"
48,1,market,1774073203,2026-03-21T06:06:43+00:00,False,,,,35615,6455426,,,5684093,CD Cornisa Azul,"{""player"":35615,""to"":{""id"":5684093,""name"":""CD Cornisa Azul"",""icon"":""icons/42.png""},""amount"":6455426,""bids"":[{""user"":{""id"":6826480,""name"":""Víctor Orta"",""icon"":""i/u/6826480.png""},""amount"":3970000}]}"
49,0,market,1773986880,2026-03-20T06:08:00+00:00,False,,,,19862,7250000,,,6826480,Víctor Orta,"{""player"":19862,""to"":{""id"":6826480,""name"":""Víctor Orta"",""icon"":""i/u/6826480.png""},""amount"":7250000}"
50,0,market,1773900292,2026-03-19T06:04:52+00:00,False,,,,34221,550000,,,8127478,Arregui,"{""player"":34221,""to"":{""id"":8127478,""name"":""Arregui"",""icon"":""https://lh3.googleusercontent.com/a/AItbvmlJOQCrYJFKsWPDYSjpqt1A7kAZJUhj-ZkmC-6Q=s300-c""},""amount"":550000}"
50,1,market,1773900292,2026-03-19T06:04:52+00:00,False,,,,18174,7920000,,,6826480,Víctor Orta,"{""player"":18174,""to"":{""id"":6826480,""name"":""Víctor Orta"",""icon"":""i/u/6826480.png""},""amount"":7920000}"
50,2,market,1773900292,2026-03-19T06:04:52+00:00,False,,,,17482,2120000,,,6826480,Víctor Orta,"{""player"":17482,""to"":{""id"":6826480,""name"":""Víctor Orta"",""icon"":""i/u/6826480.png""},""amount"":2120000}"
50,3,market,1773900292,2026-03-19T06:04:52+00:00,False,,,,25159,3710000,,,6826480,Víctor Orta,"{""player"":25159,""to"":{""id"":6826480,""name"":""Víctor Orta"",""icon"":""i/u/6826480.png""},""amount"":3710000}"
51,0,transfer,1773878846,2026-03-19T00:07:26+00:00,False,,,,33697,3079700,6826480,Víctor Orta,,,"{""player"":33697,""from"":{""id"":6826480,""name"":""Víctor Orta"",""icon"":""i/u/6826480.png""},""amount"":3079700}"
52,0,market,1773813998,2026-03-18T06:06:38+00:00,False,,,,2247,1500000,,,8127478,Arregui,"{""player"":2247,""to"":{""id"":8127478,""name"":""Arregui"",""icon"":""https://lh3.googleusercontent.com/a/AItbvmlJOQCrYJFKsWPDYSjpqt1A7kAZJUhj-ZkmC-6Q=s300-c""},""amount"":1500000}"
53,0,transfer,1773773759,2026-03-17T18:55:59+00:00,False,,,,1760,1510400,8127478,Arregui,,,"{""player"":1760,""from"":{""id"":8127478,""name"":""Arregui"",""icon"":""https://lh3.googleusercontent.com/a/AItbvmlJOQCrYJFKsWPDYSjpqt1A7kAZJUhj-ZkmC-6Q=s300-c""},""amount"":1510400}"
54,0,transfer,1773735362,2026-03-17T08:16:02+00:00,False,,,,31018,3272800,6826480,Víctor Orta,,,"{""player"":31018,""from"":{""id"":6826480,""name"":""Víctor Orta"",""icon"":""i/u/6826480.png""},""amount"":3272800}"
55,0,market,1773727759,2026-03-17T06:09:19+00:00,False,,,,37898,2424820,,,5684093,CD Cornisa Azul,"{""player"":37898,""to"":{""id"":5684093,""name"":""CD Cornisa Azul"",""icon"":""icons/42.png""},""amount"":2424820,""bids"":[{""user"":{""id"":11678835,""name"":""Julia"",""icon"":""https://graph.facebook.com/10218096465979952/picture?height=300&width=300""},""amount"":1960000}]}"
56,0,transfer,1773648166,2026-03-16T08:02:46+00:00,False,,,,2055,3582300,6826480,Víctor Orta,,,"{""player"":2055,""from"":{""id"":6826480,""name"":""Víctor Orta"",""icon"":""i/u/6826480.png""},""amount"":3582300}"
57,0,market,1773641094,2026-03-16T06:04:54+00:00,False,,,,27271,2800000,,,11678835,Julia,"{""player"":27271,""to"":{""id"":11678835,""name"":""Julia"",""icon"":""https://graph.facebook.com/10218096465979952/picture?height=300&width=300""},""amount"":2800000,""bids"":[{""user"":{""id"":10089858,""name"":""Karlox F.C."",""icon"":""icons/7.png""},""amount"":2555555},{""user"":{""id"":6826480,""name"":""Víctor Orta"",""icon"":""i/u/6826480.png""},""amount"":1950000}]}"
57,1,market,1773641094,2026-03-16T06:04:54+00:00,False,,,,5220,480020,,,8128710,Los vengadores,"{""player"":5220,""to"":{""id"":8128710,""name"":""Los vengadores"",""icon"":""icons/11.png""},""amount"":480020}"
58,0,market,1773555007,2026-03-15T06:10:07+00:00,False,,,,9090,3250000,,,6826480,Víctor Orta,"{""player"":9090,""to"":{""id"":6826480,""name"":""Víctor Orta"",""icon"":""i/u/6826480.png""},""amount"":3250000}"
59,0,market,1773381976,2026-03-13T06:06:16+00:00,False,,,,37495,4783000,,,6826480,Víctor Orta,"{""player"":37495,""to"":{""id"":6826480,""name"":""Víctor Orta"",""icon"":""i/u/6826480.png""},""amount"":4783000}"
59,1,market,1773381976,2026-03-13T06:06:16+00:00,False,,,,31018,3220000,,,6826480,Víctor Orta,"{""player"":31018,""to"":{""id"":6826480,""name"":""Víctor Orta"",""icon"":""i/u/6826480.png""},""amount"":3220000}"
60,0,market,1773295740,2026-03-12T06:09:00+00:00,False,,,,26879,3055000,,,6822272,Ricardo J,"{""player"":26879,""to"":{""id"":6822272,""name"":""Ricardo J""},""amount"":3055000}"
61,0,transfer,1773131203,2026-03-10T08:26:43+00:00,False,,,,37499,4477000,6822272,Ricardo J,,,"{""player"":37499,""from"":{""id"":6822272,""name"":""Ricardo J""},""amount"":4477000}"
61,1,transfer,1773131203,2026-03-10T08:26:43+00:00,False,,,,39876,2165700,6822272,Ricardo J,,,"{""player"":39876,""from"":{""id"":6822272,""name"":""Ricardo J""},""amount"":2165700}"
61,2,transfer,1773131203,2026-03-10T08:26:43+00:00,False,,,,2001,3693300,6822272,Ricardo J,,,"{""player"":2001,""from"":{""id"":6822272,""name"":""Ricardo J""},""amount"":3693300}"
62,0,transfer,1773045160,2026-03-09T08:32:40+00:00,False,,,,38843,3041300,8127478,Arregui,,,"{""player"":38843,""from"":{""id"":8127478,""name"":""Arregui"",""icon"":""https://lh3.googleusercontent.com/a/AItbvmlJOQCrYJFKsWPDYSjpqt1A7kAZJUhj-ZkmC-6Q=s300-c""},""amount"":3041300}"
63,0,transfer,1773043342,2026-03-09T08:02:22+00:00,False,,,,18382,1645100,6826480,Víctor Orta,,,"{""player"":18382,""from"":{""id"":6826480,""name"":""Víctor Orta"",""icon"":""i/u/6826480.png""},""amount"":1645100}"
64,0,market,1773036728,2026-03-09T06:12:08+00:00,False,,,,38959,5600000,,,6822272,Ricardo J,"{""player"":38959,""to"":{""id"":6822272,""name"":""Ricardo J""},""amount"":5600000}"
64,1,market,1773036728,2026-03-09T06:12:08+00:00,False,,,,38290,4700000,,,6822272,Ricardo J,"{""player"":38290,""to"":{""id"":6822272,""name"":""Ricardo J""},""amount"":4700000}"
65,0,transfer,1773010006,2026-03-08T22:46:46+00:00,False,,,,37456,724500,8128710,Los vengadores,,,"{""player"":37456,""from"":{""id"":8128710,""name"":""Los vengadores"",""icon"":""icons/11.png""},""amount"":724500}"
66,0,market,1772950455,2026-03-08T06:14:15+00:00,False,,,,8747,3370096,,,10089858,Karlox F.C.,"{""player"":8747,""to"":{""id"":10089858,""name"":""Karlox F.C."",""icon"":""icons/7.png""},""amount"":3370096}"
67,0,transfer,1772898541,2026-03-07T15:49:01+00:00,False,,,,1733,6493300,11678835,Julia,,,"{""player"":1733,""from"":{""id"":11678835,""name"":""Julia"",""icon"":""https://graph.facebook.com/10218096465979952/picture?height=300&width=300""},""amount"":6493300}"
68,0,market,1772863686,2026-03-07T06:08:06+00:00,False,,,,19299,4300000,,,8127478,Arregui,"{""player"":19299,""to"":{""id"":8127478,""name"":""Arregui"",""icon"":""https://lh3.googleusercontent.com/a/AItbvmlJOQCrYJFKsWPDYSjpqt1A7kAZJUhj-ZkmC-6Q=s300-c""},""amount"":4300000}"
69,0,transfer,1772784915,2026-03-06T08:15:15+00:00,False,,,,18945,7221400,6826480,Víctor Orta,,,"{""player"":18945,""from"":{""id"":6826480,""name"":""Víctor Orta"",""icon"":""i/u/6826480.png""},""amount"":7221400}"
70,0,market,1772777251,2026-03-06T06:07:31+00:00,False,,,,39804,4200000,,,6822272,Ricardo J,"{""player"":39804,""to"":{""id"":6822272,""name"":""Ricardo J""},""amount"":4200000,""bids"":[{""user"":{""id"":8127478,""name"":""Arregui"",""icon"":""https://lh3.googleusercontent.com/a/AItbvmlJOQCrYJFKsWPDYSjpqt1A7kAZJUhj-ZkmC-6Q=s300-c""},""amount"":4190000},{""user"":{""id"":6826480,""name"":""Víctor Orta"",""icon"":""i/u/6826480.png""},""amount"":2700000}]}"
71,0,transfer,1772710316,2026-03-05T11:31:56+00:00,False,,,,2219,2069400,6822272,Ricardo J,,,"{""player"":2219,""from"":{""id"":6822272,""name"":""Ricardo J""},""amount"":2069400}"
72,0,market,1772691079,2026-03-05T06:11:19+00:00,False,,,,30487,2525000,,,6822272,Ricardo J,"{""player"":30487,""to"":{""id"":6822272,""name"":""Ricardo J""},""amount"":2525000}"
72,1,market,1772691079,2026-03-05T06:11:19+00:00,False,,,,1683,2350000,,,6822272,Ricardo J,"{""player"":1683,""to"":{""id"":6822272,""name"":""Ricardo J""},""amount"":2350000}"
72,2,market,1772691079,2026-03-05T06:11:19+00:00,False,,,,1523,2900007,,,6822272,Ricardo J,"{""player"":1523,""to"":{""id"":6822272,""name"":""Ricardo J""},""amount"":2900007}"
72,3,market,1772691079,2026-03-05T06:11:19+00:00,False,,,,26945,12100000,,,6822272,Ricardo J,"{""player"":26945,""to"":{""id"":6822272,""name"":""Ricardo J""},""amount"":12100000}"
73,0,market,1772604255,2026-03-04T06:04:15+00:00,False,,,,19441,34347290,,,8128710,Los vengadores,"{""player"":19441,""to"":{""id"":8128710,""name"":""Los vengadores"",""icon"":""icons/11.png""},""amount"":34347290,""bids"":[{""user"":{""id"":6822272,""name"":""Ricardo J""},""amount"":27800000},{""user"":{""id"":6826480,""name"":""Víctor Orta"",""icon"":""i/u/6826480.png""},""amount"":24130200}]}"
74,0,transfer,1772578208,2026-03-03T22:50:08+00:00,False,,,,10745,10660600,5684093,CD Cornisa Azul,,,"{""player"":10745,""from"":{""id"":5684093,""name"":""CD Cornisa Azul"",""icon"":""icons/42.png""},""amount"":10660600}"
75,0,transfer,1772576928,2026-03-03T22:28:48+00:00,False,,,,257,7276100,8128710,Los vengadores,,,"{""player"":257,""from"":{""id"":8128710,""name"":""Los vengadores"",""icon"":""icons/11.png""},""amount"":7276100}"
76,0,transfer,1772563174,2026-03-03T18:39:34+00:00,False,,,,1769,3967400,6826480,Víctor Orta,,,"{""player"":1769,""from"":{""id"":6826480,""name"":""Víctor Orta"",""icon"":""i/u/6826480.png""},""amount"":3967400}"
76,1,transfer,1772563174,2026-03-03T18:39:34+00:00,False,,,,2169,2721500,6826480,Víctor Orta,,,"{""player"":2169,""from"":{""id"":6826480,""name"":""Víctor Orta"",""icon"":""i/u/6826480.png""},""amount"":2721500}"
77,0,transfer,1772449844,2026-03-02T11:10:44+00:00,False,,,,17056,4037700,6826480,Víctor Orta,,,"{""player"":17056,""from"":{""id"":6826480,""name"":""Víctor Orta"",""icon"":""i/u/6826480.png""},""amount"":4037700}"
78,0,market,1772431860,2026-03-02T06:11:00+00:00,False,,,,17690,4150000,,,11678835,Julia,"{""player"":17690,""to"":{""id"":11678835,""name"":""Julia"",""icon"":""https://graph.facebook.com/10218096465979952/picture?height=300&width=300""},""amount"":4150000,""date"":1772395471,""bids"":[{""user"":{""id"":6826480,""name"":""Víctor Orta"",""icon"":""i/u/6826480.png""},""amount"":4150000,""date"":1772402938},{""user"":{""id"":8127478,""name"":""Arregui"",""icon"":""https://lh3.googleusercontent.com/a/AItbvmlJOQCrYJFKsWPDYSjpqt1A7kAZJUhj-ZkmC-6Q=s300-c""},""amount"":3750000}]}"
78,1,market,1772431860,2026-03-02T06:11:00+00:00,False,,,,26697,1700000,,,6826480,Víctor Orta,"{""player"":26697,""to"":{""id"":6826480,""name"":""Víctor Orta"",""icon"":""i/u/6826480.png""},""amount"":1700000,""bids"":[{""user"":{""id"":11678835,""name"":""Julia"",""icon"":""https://graph.facebook.com/10218096465979952/picture?height=300&width=300""},""amount"":1590000}]}"
78,2,market,1772431860,2026-03-02T06:11:00+00:00,False,,,,30787,3520000,,,6826480,Víctor Orta,"{""player"":30787,""to"":{""id"":6826480,""name"":""Víctor Orta"",""icon"":""i/u/6826480.png""},""amount"":3520000}"
79,0,transfer,1772355907,2026-03-01T09:05:07+00:00,False,,,,39431,805400,5684093,CD Cornisa Azul,,,"{""player"":39431,""from"":{""id"":5684093,""name"":""CD Cornisa Azul"",""icon"":""icons/42.png""},""amount"":805400}"
80,0,market,1772345108,2026-03-01T06:05:08+00:00,False,,,,18945,7880000,,,6826480,Víctor Orta,"{""player"":18945,""to"":{""id"":6826480,""name"":""Víctor Orta"",""icon"":""i/u/6826480.png""},""amount"":7880000}"
81,0,market,1772258957,2026-02-28T06:09:17+00:00,False,,,,33697,3540000,,,6826480,Víctor Orta,"{""player"":33697,""to"":{""id"":6826480,""name"":""Víctor Orta"",""icon"":""i/u/6826480.png""},""amount"":3540000}"
82,0,market,1772172623,2026-02-27T06:10:23+00:00,False,,,,21,500000,,,8127478,Arregui,"{""player"":21,""to"":{""id"":8127478,""name"":""Arregui"",""icon"":""https://lh3.googleusercontent.com/a/AItbvmlJOQCrYJFKsWPDYSjpqt1A7kAZJUhj-ZkmC-6Q=s300-c""},""amount"":500000}"
83,0,transfer,1771777070,2026-02-22T16:17:50+00:00,False,,,,31018,3153400,8127478,Arregui,,,"{""player"":31018,""from"":{""id"":8127478,""name"":""Arregui"",""icon"":""https://lh3.googleusercontent.com/a/AItbvmlJOQCrYJFKsWPDYSjpqt1A7kAZJUhj-ZkmC-6Q=s300-c""},""amount"":3153400}"
84,0,market,1771740473,2026-02-22T06:07:53+00:00,False,,,,39876,3880000,,,6822272,Ricardo J,"{""player"":39876,""to"":{""id"":6822272,""name"":""Ricardo J""},""amount"":3880000}"
84,1,market,1771740473,2026-02-22T06:07:53+00:00,False,,,,34479,6670000,,,6822272,Ricardo J,"{""player"":34479,""to"":{""id"":6822272,""name"":""Ricardo J""},""amount"":6670000}"
85,0,market,1771654190,2026-02-21T06:09:50+00:00,False,,,,2219,1680000,,,6822272,Ricardo J,"{""player"":2219,""to"":{""id"":6822272,""name"":""Ricardo J""},""amount"":1680000}"
85,1,market,1771654190,2026-02-21T06:09:50+00:00,False,,,,26095,4290000,,,5684093,CD Cornisa Azul,"{""player"":26095,""to"":{""id"":5684093,""name"":""CD Cornisa Azul"",""icon"":""icons/42.png""},""amount"":4290000}"
85,2,market,1771654190,2026-02-21T06:09:50+00:00,False,,,,32363,745000,,,5684093,CD Cornisa Azul,"{""player"":32363,""to"":{""id"":5684093,""name"":""CD Cornisa Azul"",""icon"":""icons/42.png""},""amount"":745000}"
86,0,transfer,1771600984,2026-02-20T15:23:04+00:00,False,,,,24979,1775000,8127478,Arregui,6826480,Víctor Orta,"{""player"":24979,""from"":{""id"":8127478,""name"":""Arregui"",""icon"":""https://lh3.googleusercontent.com/a/AItbvmlJOQCrYJFKsWPDYSjpqt1A7kAZJUhj-ZkmC-6Q=s300-c""},""to"":{""id"":6826480,""name"":""Víctor Orta"",""icon"":""i/u/6826480.png""},""amount"":1775000}"
87,0,transfer,1771578459,2026-02-20T09:07:39+00:00,False,,,,29034,696900,8127478,Arregui,,,"{""player"":29034,""from"":{""id"":8127478,""name"":""Arregui"",""icon"":""https://lh3.googleusercontent.com/a/AItbvmlJOQCrYJFKsWPDYSjpqt1A7kAZJUhj-ZkmC-6Q=s300-c""},""amount"":696900}"
88,0,market,1771567793,2026-02-20T06:09:53+00:00,False,,,,39816,4260000,,,8127478,Arregui,"{""player"":39816,""to"":{""id"":8127478,""name"":""Arregui"",""icon"":""https://lh3.googleusercontent.com/a/AItbvmlJOQCrYJFKsWPDYSjpqt1A7kAZJUhj-ZkmC-6Q=s300-c""},""amount"":4260000,""bids"":[{""user"":{""id"":6826480,""name"":""Víctor Orta"",""icon"":""i/u/6826480.png""},""amount"":3190000}]}"
88,1,market,1771567793,2026-02-20T06:09:53+00:00,False,,,,26071,900000,,,8127478,Arregui,"{""player"":26071,""to"":{""id"":8127478,""name"":""Arregui"",""icon"":""https://lh3.googleusercontent.com/a/AItbvmlJOQCrYJFKsWPDYSjpqt1A7kAZJUhj-ZkmC-6Q=s300-c""},""amount"":900000}"
88,2,market,1771567793,2026-02-20T06:09:53+00:00,False,,,,2001,4780000,,,6822272,Ricardo J,"{""player"":2001,""to"":{""id"":6822272,""name"":""Ricardo J""},""amount"":4780000,""bids"":[{""user"":{""id"":6826480,""name"":""Víctor Orta"",""icon"":""i/u/6826480.png""},""amount"":4620000}]}"
88,3,market,1771567793,2026-02-20T06:09:53+00:00,False,,,,18397,11860000,,,8127478,Arregui,"{""player"":18397,""to"":{""id"":8127478,""name"":""Arregui"",""icon"":""https://lh3.googleusercontent.com/a/AItbvmlJOQCrYJFKsWPDYSjpqt1A7kAZJUhj-ZkmC-6Q=s300-c""},""amount"":11860000}"
89,0,transfer,1771519095,2026-02-19T16:38:15+00:00,False,,,,15455,372900,11678835,Julia,,,"{""player"":15455,""from"":{""id"":11678835,""name"":""Julia"",""icon"":""https://graph.facebook.com/10218096465979952/picture?height=300&width=300""},""amount"":372900}"
90,0,transfer,1771501542,2026-02-19T11:45:42+00:00,False,,,,12494,2807400,8127478,Arregui,,,"{""player"":12494,""from"":{""id"":8127478,""name"":""Arregui"",""icon"":""https://lh3.googleusercontent.com/a/AItbvmlJOQCrYJFKsWPDYSjpqt1A7kAZJUhj-ZkmC-6Q=s300-c""},""amount"":2807400}"
91,0,transfer,1771395939,2026-02-18T06:25:39+00:00,False,,,,30789,7175800,10089858,Karlox F.C.,,,"{""player"":30789,""from"":{""id"":10089858,""name"":""Karlox F.C."",""icon"":""icons/7.png""},""amount"":7175800}"
91,1,transfer,1771395939,2026-02-18T06:25:39+00:00,False,,,,38289,7862200,10089858,Karlox F.C.,,,"{""player"":38289,""from"":{""id"":10089858,""name"":""Karlox F.C."",""icon"":""icons/7.png""},""amount"":7862200}"
92,0,market,1771395000,2026-02-18T06:10:00+00:00,False,,,,17731,6760000,,,6826480,Víctor Orta,"{""player"":17731,""to"":{""id"":6826480,""name"":""Víctor Orta"",""icon"":""i/u/6826480.png""},""amount"":6760000,""bids"":[{""user"":{""id"":8127478,""name"":""Arregui"",""icon"":""https://lh3.googleusercontent.com/a/AItbvmlJOQCrYJFKsWPDYSjpqt1A7kAZJUhj-ZkmC-6Q=s300-c""},""amount"":6000000},{""user"":{""id"":8128710,""name"":""Los vengadores"",""icon"":""icons/11.png""},""amount"":5880000}]}"
92,1,market,1771395000,2026-02-18T06:10:00+00:00,False,,,,15568,25555555,,,10089858,Karlox F.C.,"{""player"":15568,""to"":{""id"":10089858,""name"":""Karlox F.C."",""icon"":""icons/7.png""},""amount"":25555555,""bids"":[{""user"":{""id"":6826480,""name"":""Víctor Orta"",""icon"":""i/u/6826480.png""},""amount"":21590000},{""user"":{""id"":8128710,""name"":""Los vengadores"",""icon"":""icons/11.png""},""amount"":21168000}]}"
92,2,market,1771395000,2026-02-18T06:10:00+00:00,False,,,,28115,3570000,,,8128710,Los vengadores,"{""player"":28115,""to"":{""id"":8128710,""name"":""Los vengadores"",""icon"":""icons/11.png""},""amount"":3570000}"
92,3,market,1771395000,2026-02-18T06:10:00+00:00,False,,,,11686,3410000,,,6822272,Ricardo J,"{""player"":11686,""to"":{""id"":6822272,""name"":""Ricardo J""},""amount"":3410000}"
93,0,market,1771308677,2026-02-17T06:11:17+00:00,False,,,,26077,2212350,,,5684093,CD Cornisa Azul,"{""player"":26077,""to"":{""id"":5684093,""name"":""CD Cornisa Azul"",""icon"":""icons/42.png""},""amount"":2212350}"
94,0,transfer,1771283689,2026-02-16T23:14:49+00:00,False,,,,27994,1378200,5684093,CD Cornisa Azul,,,"{""player"":27994,""from"":{""id"":5684093,""name"":""CD Cornisa Azul"",""icon"":""icons/42.png""},""amount"":1378200}"
94,1,transfer,1771283689,2026-02-16T23:14:49+00:00,False,,,,1971,208900,5684093,CD Cornisa Azul,,,"{""player"":1971,""from"":{""id"":5684093,""name"":""CD Cornisa Azul"",""icon"":""icons/42.png""},""amount"":208900}"
94,2,transfer,1771283689,2026-02-16T23:14:49+00:00,False,,,,6259,3474600,5684093,CD Cornisa Azul,,,"{""player"":6259,""from"":{""id"":5684093,""name"":""CD Cornisa Azul"",""icon"":""icons/42.png""},""amount"":3474600}"
94,3,transfer,1771283689,2026-02-16T23:14:49+00:00,False,,,,14800,2147300,5684093,CD Cornisa Azul,,,"{""player"":14800,""from"":{""id"":5684093,""name"":""CD Cornisa Azul"",""icon"":""icons/42.png""},""amount"":2147300}"
95,0,transfer,1771225987,2026-02-16T07:13:07+00:00,False,,,,32435,5007700,6822272,Ricardo J,,,"{""player"":32435,""from"":{""id"":6822272,""name"":""Ricardo J""},""amount"":5007700}"
96,0,market,1771222077,2026-02-16T06:07:57+00:00,False,,,,32460,1120000,,,6822272,Ricardo J,"{""player"":32460,""to"":{""id"":6822272,""name"":""Ricardo J""},""amount"":1120000}"
97,0,transfer,1771141134,2026-02-15T07:38:54+00:00,False,,,,18945,8242300,8127478,Arregui,,,"{""player"":18945,""from"":{""id"":8127478,""name"":""Arregui"",""icon"":""https://lh3.googleusercontent.com/a/AItbvmlJOQCrYJFKsWPDYSjpqt1A7kAZJUhj-ZkmC-6Q=s300-c""},""amount"":8242300}"
98,0,transfer,1771094322,2026-02-14T18:38:42+00:00,False,,,,21084,2420200,6826480,Víctor Orta,,,"{""player"":21084,""from"":{""id"":6826480,""name"":""Víctor Orta"",""icon"":""i/u/6826480.png""},""amount"":2420200}"
99,0,transfer,1771062487,2026-02-14T09:48:07+00:00,False,,,,38194,1633900,6822272,Ricardo J,,,"{""player"":38194,""from"":{""id"":6822272,""name"":""Ricardo J""},""amount"":1633900}"
100,0,market,1771049333,2026-02-14T06:08:53+00:00,False,,,,19860,13017524,,,5684093,CD Cornisa Azul,"{""player"":19860,""to"":{""id"":5684093,""name"":""CD Cornisa Azul"",""icon"":""icons/42.png""},""amount"":13017524,""bids"":[{""user"":{""id"":8127478,""name"":""Arregui"",""icon"":""https://lh3.googleusercontent.com/a/AItbvmlJOQCrYJFKsWPDYSjpqt1A7kAZJUhj-ZkmC-6Q=s300-c""},""amount"":12960000},{""user"":{""id"":6826480,""name"":""Víctor Orta"",""icon"":""i/u/6826480.png""},""amount"":12750000}]}"
101,0,transfer,1770973713,2026-02-13T09:08:33+00:00,False,,,,38071,871800,8127478,Arregui,,,"{""player"":38071,""from"":{""id"":8127478,""name"":""Arregui"",""icon"":""https://lh3.googleusercontent.com/a/AItbvmlJOQCrYJFKsWPDYSjpqt1A7kAZJUhj-ZkmC-6Q=s300-c""},""amount"":871800}"
102,0,market,1770963102,2026-02-13T06:11:42+00:00,False,,,,39966,4770000,,,8128710,Los vengadores,"{""player"":39966,""to"":{""id"":8128710,""name"":""Los vengadores"",""icon"":""icons/11.png""},""amount"":4770000,""bids"":[{""user"":{""id"":6822272,""name"":""Ricardo J""},""amount"":4200000},{""user"":{""id"":6826480,""name"":""Víctor Orta"",""icon"":""i/u/6826480.png""},""amount"":3480000}]}"
102,1,market,1770963102,2026-02-13T06:11:42+00:00,False,,,,38843,3600000,,,8127478,Arregui,"{""player"":38843,""to"":{""id"":8127478,""name"":""Arregui"",""icon"":""https://lh3.googleusercontent.com/a/AItbvmlJOQCrYJFKsWPDYSjpqt1A7kAZJUhj-ZkmC-6Q=s300-c""},""amount"":3600000,""bids"":[{""user"":{""id"":8128710,""name"":""Los vengadores"",""icon"":""icons/11.png""},""amount"":3430000},{""user"":{""id"":6822272,""name"":""Ricardo J""},""amount"":3100000}]}"
102,2,market,1770963102,2026-02-13T06:11:42+00:00,False,,,,15455,370000,,,11678835,Julia,"{""player"":15455,""to"":{""id"":11678835,""name"":""Julia"",""icon"":""https://graph.facebook.com/10218096465979952/picture?height=300&width=300""},""amount"":370000}"
102,3,market,1770963102,2026-02-13T06:11:42+00:00,False,,,,32435,4840008,,,6822272,Ricardo J,"{""player"":32435,""to"":{""id"":6822272,""name"":""Ricardo J""},""amount"":4840008}"
102,4,market,1770963102,2026-02-13T06:11:42+00:00,False,,,,12494,3260000,,,8127478,Arregui,"{""player"":12494,""to"":{""id"":8127478,""name"":""Arregui"",""icon"":""https://lh3.googleusercontent.com/a/AItbvmlJOQCrYJFKsWPDYSjpqt1A7kAZJUhj-ZkmC-6Q=s300-c""},""amount"":3260000,""bids"":[{""user"":{""id"":6826480,""name"":""Víctor Orta"",""icon"":""i/u/6826480.png""},""amount"":3160000}]}"
103,0,transfer,1770901806,2026-02-12T13:10:06+00:00,False,,,,5069,3776600,8128710,Los vengadores,,,"{""player"":5069,""from"":{""id"":8128710,""name"":""Los vengadores"",""icon"":""icons/11.png""},""amount"":3776600}"
104,0,transfer,1770883391,2026-02-12T08:03:11+00:00,False,,,,9090,3788200,6826480,Víctor Orta,,,"{""player"":9090,""from"":{""id"":6826480,""name"":""Víctor Orta"",""icon"":""i/u/6826480.png""},""amount"":3788200}"
105,0,transfer,1770878458,2026-02-12T06:40:58+00:00,False,,,,12424,1729900,11678835,Julia,,,"{""player"":12424,""from"":{""id"":11678835,""name"":""Julia"",""icon"":""https://graph.facebook.com/10218096465979952/picture?height=300&width=300""},""amount"":1729900}"
106,0,market,1770876619,2026-02-12T06:10:19+00:00,False,,,,7003,3900000,,,6826480,Víctor Orta,"{""player"":7003,""to"":{""id"":6826480,""name"":""Víctor Orta"",""icon"":""i/u/6826480.png""},""amount"":3900000,""bids"":[{""user"":{""id"":8127478,""name"":""Arregui"",""icon"":""https://lh3.googleusercontent.com/a/AItbvmlJOQCrYJFKsWPDYSjpqt1A7kAZJUhj-ZkmC-6Q=s300-c""},""amount"":3500000}]}"
106,1,market,1770876619,2026-02-12T06:10:19+00:00,False,,,,1769,3420000,,,6826480,Víctor Orta,"{""player"":1769,""to"":{""id"":6826480,""name"":""Víctor Orta"",""icon"":""i/u/6826480.png""},""amount"":3420000}"
106,2,market,1770876619,2026-02-12T06:10:19+00:00,False,,,,27715,240001,,,6826480,Víctor Orta,"{""player"":27715,""to"":{""id"":6826480,""name"":""Víctor Orta"",""icon"":""i/u/6826480.png""},""amount"":240001}"
107,0,transfer,1770804104,2026-02-11T10:01:44+00:00,False,,,,35678,4750700,6826480,Víctor Orta,,,"{""player"":35678,""from"":{""id"":6826480,""name"":""Víctor Orta"",""icon"":""i/u/6826480.png""},""amount"":4750700}"
108,0,transfer,1770793341,2026-02-11T07:02:21+00:00,False,,,,39974,1322200,11678835,Julia,,,"{""player"":39974,""from"":{""id"":11678835,""name"":""Julia"",""icon"":""https://graph.facebook.com/10218096465979952/picture?height=300&width=300""},""amount"":1322200}"
109,0,market,1770790378,2026-02-11T06:12:58+00:00,False,,,,2476,5640000,,,11678835,Julia,"{""player"":2476,""to"":{""id"":11678835,""name"":""Julia"",""icon"":""https://graph.facebook.com/10218096465979952/picture?height=300&width=300""},""amount"":5640000}"
110,0,transfer,1770710632,2026-02-10T08:03:52+00:00,False,,,,9047,4554100,6826480,Víctor Orta,,,"{""player"":9047,""from"":{""id"":6826480,""name"":""Víctor Orta"",""icon"":""i/u/6826480.png""},""amount"":4554100}"
111,0,market,1770703571,2026-02-10T06:06:11+00:00,False,,,,29034,700000,,,8127478,Arregui,"{""player"":29034,""to"":{""id"":8127478,""name"":""Arregui"",""icon"":""https://lh3.googleusercontent.com/a/AItbvmlJOQCrYJFKsWPDYSjpqt1A7kAZJUhj-ZkmC-6Q=s300-c""},""amount"":700000}"
111,1,market,1770703571,2026-02-10T06:06:11+00:00,False,,,,32440,6510000,,,8127478,Arregui,"{""player"":32440,""to"":{""id"":8127478,""name"":""Arregui"",""icon"":""https://lh3.googleusercontent.com/a/AItbvmlJOQCrYJFKsWPDYSjpqt1A7kAZJUhj-ZkmC-6Q=s300-c""},""amount"":6510000,""bids"":[{""user"":{""id"":6826480,""name"":""Víctor Orta"",""icon"":""i/u/6826480.png""},""amount"":5710000}]}"
111,2,market,1770703571,2026-02-10T06:06:11+00:00,False,,,,39974,1420000,,,11678835,Julia,"{""player"":39974,""to"":{""id"":11678835,""name"":""Julia"",""icon"":""https://graph.facebook.com/10218096465979952/picture?height=300&width=300""},""amount"":1420000}"
111,3,market,1770703571,2026-02-10T06:06:11+00:00,False,,,,17056,1820000,,,6826480,Víctor Orta,"{""player"":17056,""to"":{""id"":6826480,""name"":""Víctor Orta"",""icon"":""i/u/6826480.png""},""amount"":1820000}"
111,4,market,1770703571,2026-02-10T06:06:11+00:00,False,,,,18382,1190000,,,6826480,Víctor Orta,"{""player"":18382,""to"":{""id"":6826480,""name"":""Víctor Orta"",""icon"":""i/u/6826480.png""},""amount"":1190000}"
112,0,transfer,1770622160,2026-02-09T07:29:20+00:00,False,,,,33839,1117800,11678835,Julia,,,"{""player"":33839,""from"":{""id"":11678835,""name"":""Julia"",""icon"":""https://graph.facebook.com/10218096465979952/picture?height=300&width=300""},""amount"":1117800}"
112,1,transfer,1770622160,2026-02-09T07:29:20+00:00,False,,,,27960,2334600,11678835,Julia,,,"{""player"":27960,""from"":{""id"":11678835,""name"":""Julia"",""icon"":""https://graph.facebook.com/10218096465979952/picture?height=300&width=300""},""amount"":2334600}"
113,0,market,1770617181,2026-02-09T06:06:21+00:00,False,,,,39431,1865210,,,5684093,CD Cornisa Azul,"{""player"":39431,""to"":{""id"":5684093,""name"":""CD Cornisa Azul"",""icon"":""icons/42.png""},""amount"":1865210,""bids"":[{""user"":{""id"":6822272,""name"":""Ricardo J""},""amount"":1670000},{""user"":{""id"":8127478,""name"":""Arregui"",""icon"":""https://lh3.googleusercontent.com/a/AItbvmlJOQCrYJFKsWPDYSjpqt1A7kAZJUhj-ZkmC-6Q=s300-c""},""amount"":900000}]}"
113,1,market,1770617181,2026-02-09T06:06:21+00:00,False,,,,37451,2845000,,,5684093,CD Cornisa Azul,"{""player"":37451,""to"":{""id"":5684093,""name"":""CD Cornisa Azul"",""icon"":""icons/42.png""},""amount"":2845000}"
113,2,market,1770617181,2026-02-09T06:06:21+00:00,False,,,,26994,975100,,,5684093,CD Cornisa Azul,"{""player"":26994,""to"":{""id"":5684093,""name"":""CD Cornisa Azul"",""icon"":""icons/42.png""},""amount"":975100}"
114,0,transfer,1770544800,2026-02-08T10:00:00+00:00,False,,,,37725,3031500,6826480,Víctor Orta,,,"{""player"":37725,""from"":{""id"":6826480,""name"":""Víctor Orta"",""icon"":""i/u/6826480.png""},""amount"":3031500}"
114,1,transfer,1770544800,2026-02-08T10:00:00+00:00,False,,,,33694,3425100,6826480,Víctor Orta,,,"{""player"":33694,""from"":{""id"":6826480,""name"":""Víctor Orta"",""icon"":""i/u/6826480.png""},""amount"":3425100}"
115,0,transfer,1770464826,2026-02-07T11:47:06+00:00,False,,,,1908,3330500,8128710,Los vengadores,,,"{""player"":1908,""from"":{""id"":8128710,""name"":""Los vengadores"",""icon"":""icons/11.png""},""amount"":3330500}"
116,0,transfer,1770444840,2026-02-07T06:14:00+00:00,False,,,,31321,3758400,11678835,Julia,,,"{""player"":31321,""from"":{""id"":11678835,""name"":""Julia"",""icon"":""https://graph.facebook.com/10218096465979952/picture?height=300&width=300""},""amount"":3758400}"
117,0,market,1770444425,2026-02-07T06:07:05+00:00,False,,,,32020,3290000,,,11678835,Julia,"{""player"":32020,""to"":{""id"":11678835,""name"":""Julia"",""icon"":""https://graph.facebook.com/10218096465979952/picture?height=300&width=300""},""amount"":3290000,""bids"":[{""user"":{""id"":6826480,""name"":""Víctor Orta"",""icon"":""i/u/6826480.png""},""amount"":3110000},{""user"":{""id"":8128710,""name"":""Los vengadores"",""icon"":""icons/11.png""},""amount"":2910000}]}"
117,1,market,1770444425,2026-02-07T06:07:05+00:00,False,,,,15471,1100000,,,6822272,Ricardo J,"{""player"":15471,""to"":{""id"":6822272,""name"":""Ricardo J""},""amount"":1100000}"
118,0,transfer,1770394965,2026-02-06T16:22:45+00:00,False,,,,21145,403900,6826480,Víctor Orta,,,"{""player"":21145,""from"":{""id"":6826480,""name"":""Víctor Orta"",""icon"":""i/u/6826480.png""},""amount"":403900}"
119,0,transfer,1770365838,2026-02-06T08:17:18+00:00,False,,,,32629,1038000,6826480,Víctor Orta,,,"{""player"":32629,""from"":{""id"":6826480,""name"":""Víctor Orta"",""icon"":""i/u/6826480.png""},""amount"":1038000}"
120,0,transfer,1770362090,2026-02-06T07:14:50+00:00,False,,,,29631,4491200,11678835,Julia,,,"{""player"":29631,""from"":{""id"":11678835,""name"":""Julia"",""icon"":""https://graph.facebook.com/10218096465979952/picture?height=300&width=300""},""amount"":4491200}"
120,1,transfer,1770362090,2026-02-06T07:14:50+00:00,False,,,,38957,1256000,11678835,Julia,,,"{""player"":38957,""from"":{""id"":11678835,""name"":""Julia"",""icon"":""https://graph.facebook.com/10218096465979952/picture?height=300&width=300""},""amount"":1256000}"
121,0,market,1770358024,2026-02-06T06:07:04+00:00,False,,,,29908,5740000,,,11678835,Julia,"{""player"":29908,""to"":{""id"":11678835,""name"":""Julia"",""icon"":""https://graph.facebook.com/10218096465979952/picture?height=300&width=300""},""amount"":5740000,""bids"":[{""user"":{""id"":6822272,""name"":""Ricardo J""},""amount"":5550000},{""user"":{""id"":5684093,""name"":""CD Cornisa Azul"",""icon"":""icons/42.png""},""amount"":5021850}]}"
121,1,market,1770358024,2026-02-06T06:07:04+00:00,False,,,,14800,2865000,,,5684093,CD Cornisa Azul,"{""player"":14800,""to"":{""id"":5684093,""name"":""CD Cornisa Azul"",""icon"":""icons/42.png""},""amount"":2865000}"
122,0,market,1770271847,2026-02-05T06:10:47+00:00,False,,,,28087,5930000,,,11678835,Julia,"{""player"":28087,""to"":{""id"":11678835,""name"":""Julia"",""icon"":""https://graph.facebook.com/10218096465979952/picture?height=300&width=300""},""amount"":5930000,""bids"":[{""user"":{""id"":6826480,""name"":""Víctor Orta"",""icon"":""i/u/6826480.png""},""amount"":5140000},{""user"":{""id"":6822272,""name"":""Ricardo J""},""amount"":5130000}]}"
123,0,transfer,1770198210,2026-02-04T09:43:30+00:00,False,,,,37455,632300,8127478,Arregui,,,"{""player"":37455,""from"":{""id"":8127478,""name"":""Arregui"",""icon"":""https://lh3.googleusercontent.com/a/AItbvmlJOQCrYJFKsWPDYSjpqt1A7kAZJUhj-ZkmC-6Q=s300-c""},""amount"":632300}"
123,1,transfer,1770198210,2026-02-04T09:43:30+00:00,False,,,,35765,226800,8127478,Arregui,,,"{""player"":35765,""from"":{""id"":8127478,""name"":""Arregui"",""icon"":""https://lh3.googleusercontent.com/a/AItbvmlJOQCrYJFKsWPDYSjpqt1A7kAZJUhj-ZkmC-6Q=s300-c""},""amount"":226800}"
124,0,transfer,1770186024,2026-02-04T06:20:24+00:00,False,,,,39816,3853400,11678835,Julia,,,"{""player"":39816,""from"":{""id"":11678835,""name"":""Julia"",""icon"":""https://graph.facebook.com/10218096465979952/picture?height=300&width=300""},""amount"":3853400}"
124,1,transfer,1770186024,2026-02-04T06:20:24+00:00,False,,,,18382,1091700,11678835,Julia,,,"{""player"":18382,""from"":{""id"":11678835,""name"":""Julia"",""icon"":""https://graph.facebook.com/10218096465979952/picture?height=300&width=300""},""amount"":1091700}"
124,2,transfer,1770186024,2026-02-04T06:20:24+00:00,False,,,,1992,256100,11678835,Julia,,,"{""player"":1992,""from"":{""id"":11678835,""name"":""Julia"",""icon"":""https://graph.facebook.com/10218096465979952/picture?height=300&width=300""},""amount"":256100}"
125,0,market,1770185257,2026-02-04T06:07:37+00:00,False,,,,12424,1890000,,,11678835,Julia,"{""player"":12424,""to"":{""id"":11678835,""name"":""Julia"",""icon"":""https://graph.facebook.com/10218096465979952/picture?height=300&width=300""},""amount"":1890000}"
125,1,market,1770185257,2026-02-04T06:07:37+00:00,False,,,,2055,2760000,,,6826480,Víctor Orta,"{""player"":2055,""to"":{""id"":6826480,""name"":""Víctor Orta"",""icon"":""i/u/6826480.png""},""amount"":2760000}"
125,2,market,1770185257,2026-02-04T06:07:37+00:00,False,,,,1760,990000,,,8127478,Arregui,"{""player"":1760,""to"":{""id"":8127478,""name"":""Arregui"",""icon"":""https://lh3.googleusercontent.com/a/AItbvmlJOQCrYJFKsWPDYSjpqt1A7kAZJUhj-ZkmC-6Q=s300-c""},""amount"":990000}"
126,0,transfer,1770106685,2026-02-03T08:18:05+00:00,False,,,,2031,1996800,6822272,Ricardo J,,,"{""player"":2031,""from"":{""id"":6822272,""name"":""Ricardo J""},""amount"":1996800}"
126,1,transfer,1770106685,2026-02-03T08:18:05+00:00,False,,,,34541,402500,8127478,Arregui,,,"{""player"":34541,""from"":{""id"":8127478,""name"":""Arregui"",""icon"":""https://lh3.googleusercontent.com/a/AItbvmlJOQCrYJFKsWPDYSjpqt1A7kAZJUhj-ZkmC-6Q=s300-c""},""amount"":402500}"
126,2,transfer,1770106685,2026-02-03T08:18:05+00:00,False,,,,11045,2064300,8127478,Arregui,,,"{""player"":11045,""from"":{""id"":8127478,""name"":""Arregui"",""icon"":""https://lh3.googleusercontent.com/a/AItbvmlJOQCrYJFKsWPDYSjpqt1A7kAZJUhj-ZkmC-6Q=s300-c""},""amount"":2064300}"
126,3,transfer,1770106685,2026-02-03T08:18:05+00:00,False,,,,38164,3814100,8127478,Arregui,,,"{""player"":38164,""from"":{""id"":8127478,""name"":""Arregui"",""icon"":""https://lh3.googleusercontent.com/a/AItbvmlJOQCrYJFKsWPDYSjpqt1A7kAZJUhj-ZkmC-6Q=s300-c""},""amount"":3814100}"
127,0,market,1770099015,2026-02-03T06:10:15+00:00,False,,,,17937,2960000,,,11678835,Julia,"{""player"":17937,""to"":{""id"":11678835,""name"":""Julia"",""icon"":""https://graph.facebook.com/10218096465979952/picture?height=300&width=300""},""amount"":2960000}"
127,1,market,1770099015,2026-02-03T06:10:15+00:00,False,,,,39816,3690000,,,11678835,Julia,"{""player"":39816,""to"":{""id"":11678835,""name"":""Julia"",""icon"":""https://graph.facebook.com/10218096465979952/picture?height=300&width=300""},""amount"":3690000}"
128,0,market,1770012632,2026-02-02T06:10:32+00:00,False,,,,38369,4666666,,,10089858,Karlox F.C.,"{""player"":38369,""to"":{""id"":10089858,""name"":""Karlox F.C."",""icon"":""icons/7.png""},""amount"":4666666,""bids"":[{""user"":{""id"":6822272,""name"":""Ricardo J""},""amount"":4180000}]}"
128,1,market,1770012632,2026-02-02T06:10:32+00:00,False,,,,38071,970000,,,8127478,Arregui,"{""player"":38071,""to"":{""id"":8127478,""name"":""Arregui"",""icon"":""https://lh3.googleusercontent.com/a/AItbvmlJOQCrYJFKsWPDYSjpqt1A7kAZJUhj-ZkmC-6Q=s300-c""},""amount"":970000}"
128,2,market,1770012632,2026-02-02T06:10:32+00:00,False,,,,38957,1270000,,,11678835,Julia,"{""player"":38957,""to"":{""id"":11678835,""name"":""Julia"",""icon"":""https://graph.facebook.com/10218096465979952/picture?height=300&width=300""},""amount"":1270000}"
129,0,transfer,1769969621,2026-02-01T18:13:41+00:00,False,,,,26077,2253200,6822272,Ricardo J,,,"{""player"":26077,""from"":{""id"":6822272,""name"":""Ricardo J""},""amount"":2253200}"
130,0,market,1769925900,2026-02-01T06:05:00+00:00,False,,,,25398,8770000,,,6822272,Ricardo J,"{""player"":25398,""to"":{""id"":6822272,""name"":""Ricardo J""},""amount"":8770000,""bids"":[{""user"":{""id"":11678835,""name"":""Julia"",""icon"":""https://graph.facebook.com/10218096465979952/picture?height=300&width=300""},""amount"":8139000}]}"
131,0,transfer,1769873222,2026-01-31T15:27:02+00:00,False,,,,32114,4544700,11678835,Julia,,,"{""player"":32114,""from"":{""id"":11678835,""name"":""Julia"",""icon"":""https://graph.facebook.com/10218096465979952/picture?height=300&width=300""},""amount"":4544700}"
132,0,market,1769839741,2026-01-31T06:09:01+00:00,False,,,,39785,515500,,,6822272,Ricardo J,"{""player"":39785,""to"":{""id"":6822272,""name"":""Ricardo J""},""amount"":515500}"
133,0,market,1769753323,2026-01-30T06:08:43+00:00,False,,,,34541,650000,,,8127478,Arregui,"{""player"":34541,""to"":{""id"":8127478,""name"":""Arregui"",""icon"":""https://lh3.googleusercontent.com/a/AItbvmlJOQCrYJFKsWPDYSjpqt1A7kAZJUhj-ZkmC-6Q=s300-c""},""amount"":650000}"
133,1,market,1769753323,2026-01-30T06:08:43+00:00,False,,,,1679,868000,,,8128710,Los vengadores,"{""player"":1679,""to"":{""id"":8128710,""name"":""Los vengadores"",""icon"":""icons/11.png""},""amount"":868000}"
134,0,transfer,1769711988,2026-01-29T18:39:48+00:00,False,,,,18251,5510000,6822272,Ricardo J,8127478,Arregui,"{""player"":18251,""from"":{""id"":6822272,""name"":""Ricardo J""},""to"":{""id"":8127478,""name"":""Arregui"",""icon"":""https://lh3.googleusercontent.com/a/AItbvmlJOQCrYJFKsWPDYSjpqt1A7kAZJUhj-ZkmC-6Q=s300-c""},""amount"":5510000}"
135,0,transfer,1769670338,2026-01-29T07:05:38+00:00,False,,,,10292,144800,11678835,Julia,,,"{""player"":10292,""from"":{""id"":11678835,""name"":""Julia"",""icon"":""https://graph.facebook.com/10218096465979952/picture?height=300&width=300""},""amount"":144800}"
135,1,transfer,1769670338,2026-01-29T07:05:38+00:00,False,,,,9480,6951700,11678835,Julia,,,"{""player"":9480,""from"":{""id"":11678835,""name"":""Julia"",""icon"":""https://graph.facebook.com/10218096465979952/picture?height=300&width=300""},""amount"":6951700}"
135,2,transfer,1769670338,2026-01-29T07:05:38+00:00,False,,,,21063,281800,11678835,Julia,,,"{""player"":21063,""from"":{""id"":11678835,""name"":""Julia"",""icon"":""https://graph.facebook.com/10218096465979952/picture?height=300&width=300""},""amount"":281800}"
136,0,market,1769667038,2026-01-29T06:10:38+00:00,False,,,,29631,5700000,,,11678835,Julia,"{""player"":29631,""to"":{""id"":11678835,""name"":""Julia"",""icon"":""https://graph.facebook.com/10218096465979952/picture?height=300&width=300""},""amount"":5700000}"
136,1,market,1769667038,2026-01-29T06:10:38+00:00,False,,,,1844,1520000,,,6822272,Ricardo J,"{""player"":1844,""to"":{""id"":6822272,""name"":""Ricardo J""},""amount"":1520000}"
137,0,market,1769580318,2026-01-28T06:05:18+00:00,False,,,,163,950000,,,8127478,Arregui,"{""player"":163,""to"":{""id"":8127478,""name"":""Arregui"",""icon"":""https://lh3.googleusercontent.com/a/AItbvmlJOQCrYJFKsWPDYSjpqt1A7kAZJUhj-ZkmC-6Q=s300-c""},""amount"":950000}"
138,0,transfer,1769502648,2026-01-27T08:30:48+00:00,False,,,,18178,12061600,6822272,Ricardo J,,,"{""player"":18178,""from"":{""id"":6822272,""name"":""Ricardo J""},""amount"":12061600}"
139,0,market,1769494356,2026-01-27T06:12:36+00:00,False,,,,31018,2300000,,,8127478,Arregui,"{""player"":31018,""to"":{""id"":8127478,""name"":""Arregui"",""icon"":""https://lh3.googleusercontent.com/a/AItbvmlJOQCrYJFKsWPDYSjpqt1A7kAZJUhj-ZkmC-6Q=s300-c""},""amount"":2300000}"
139,1,market,1769494356,2026-01-27T06:12:36+00:00,False,,,,37455,640000,,,8127478,Arregui,"{""player"":37455,""to"":{""id"":8127478,""name"":""Arregui"",""icon"":""https://lh3.googleusercontent.com/a/AItbvmlJOQCrYJFKsWPDYSjpqt1A7kAZJUhj-ZkmC-6Q=s300-c""},""amount"":640000}"
140,0,transfer,1769465503,2026-01-26T22:11:43+00:00,False,,,,755,2166100,6822272,Ricardo J,,,"{""player"":755,""from"":{""id"":6822272,""name"":""Ricardo J""},""amount"":2166100}"
141,0,transfer,1769416953,2026-01-26T08:42:33+00:00,False,,,,14800,2276500,8127478,Arregui,,,"{""player"":14800,""from"":{""id"":8127478,""name"":""Arregui"",""icon"":""https://lh3.googleusercontent.com/a/AItbvmlJOQCrYJFKsWPDYSjpqt1A7kAZJUhj-ZkmC-6Q=s300-c""},""amount"":2276500}"
141,1,transfer,1769416953,2026-01-26T08:42:33+00:00,False,,,,25392,394000,8127478,Arregui,,,"{""player"":25392,""from"":{""id"":8127478,""name"":""Arregui"",""icon"":""https://lh3.googleusercontent.com/a/AItbvmlJOQCrYJFKsWPDYSjpqt1A7kAZJUhj-ZkmC-6Q=s300-c""},""amount"":394000}"
141,2,transfer,1769416953,2026-01-26T08:42:33+00:00,False,,,,30487,2096600,8127478,Arregui,,,"{""player"":30487,""from"":{""id"":8127478,""name"":""Arregui"",""icon"":""https://lh3.googleusercontent.com/a/AItbvmlJOQCrYJFKsWPDYSjpqt1A7kAZJUhj-ZkmC-6Q=s300-c""},""amount"":2096600}"
141,3,transfer,1769416953,2026-01-26T08:42:33+00:00,False,,,,2635,860800,8127478,Arregui,,,"{""player"":2635,""from"":{""id"":8127478,""name"":""Arregui"",""icon"":""https://lh3.googleusercontent.com/a/AItbvmlJOQCrYJFKsWPDYSjpqt1A7kAZJUhj-ZkmC-6Q=s300-c""},""amount"":860800}"
142,0,market,1769408092,2026-01-26T06:14:52+00:00,False,,,,29184,9100000,,,8127478,Arregui,"{""player"":29184,""to"":{""id"":8127478,""name"":""Arregui"",""icon"":""https://lh3.googleusercontent.com/a/AItbvmlJOQCrYJFKsWPDYSjpqt1A7kAZJUhj-ZkmC-6Q=s300-c""},""amount"":9100000,""bids"":[{""user"":{""id"":5684093,""name"":""CD Cornisa Azul"",""icon"":""icons/42.png""},""amount"":8880000},{""user"":{""id"":6822272,""name"":""Ricardo J""},""amount"":8670007}]}"
142,1,market,1769408092,2026-01-26T06:14:52+00:00,False,,,,11196,1210000,,,6826480,Víctor Orta,"{""player"":11196,""to"":{""id"":6826480,""name"":""Víctor Orta"",""icon"":""i/u/6826480.png""},""amount"":1210000}"
142,2,market,1769408092,2026-01-26T06:14:52+00:00,False,,,,2031,2170000,,,6822272,Ricardo J,"{""player"":2031,""to"":{""id"":6822272,""name"":""Ricardo J""},""amount"":2170000}"
143,0,transfer,1769363091,2026-01-25T17:44:51+00:00,False,,,,32042,3661000,6822272,Ricardo J,,,"{""player"":32042,""from"":{""id"":6822272,""name"":""Ricardo J""},""amount"":3661000}"
144,0,transfer,1769339386,2026-01-25T11:09:46+00:00,False,,,,5352,1592400,8128710,Los vengadores,,,"{""player"":5352,""from"":{""id"":8128710,""name"":""Los vengadores"",""icon"":""icons/11.png""},""amount"":1592400}"
145,0,transfer,1769336696,2026-01-25T10:24:56+00:00,False,,,,1683,3856000,8128710,Los vengadores,,,"{""player"":1683,""from"":{""id"":8128710,""name"":""Los vengadores"",""icon"":""icons/11.png""},""amount"":3856000}"
146,0,transfer,1769331080,2026-01-25T08:51:20+00:00,False,,,,22964,3632600,5684093,CD Cornisa Azul,,,"{""player"":22964,""from"":{""id"":5684093,""name"":""CD Cornisa Azul"",""icon"":""icons/42.png""},""amount"":3632600}"
147,0,market,1769321236,2026-01-25T06:07:16+00:00,False,,,,27960,3100000,,,11678835,Julia,"{""player"":27960,""to"":{""id"":11678835,""name"":""Julia"",""icon"":""https://graph.facebook.com/10218096465979952/picture?height=300&width=300""},""amount"":3100000}"
148,0,transfer,1769244898,2026-01-24T08:54:58+00:00,False,,,,11686,6561700,6822272,Ricardo J,,,"{""player"":11686,""from"":{""id"":6822272,""name"":""Ricardo J""},""amount"":6561700}"
149,0,market,1769234857,2026-01-24T06:07:37+00:00,False,,,,30081,4280000,,,6822272,Ricardo J,"{""player"":30081,""to"":{""id"":6822272,""name"":""Ricardo J""},""amount"":4280000,""bids"":[{""user"":{""id"":8127478,""name"":""Arregui"",""icon"":""https://lh3.googleusercontent.com/a/AItbvmlJOQCrYJFKsWPDYSjpqt1A7kAZJUhj-ZkmC-6Q=s300-c""},""amount"":3910000},{""user"":{""id"":8128710,""name"":""Los vengadores"",""icon"":""icons/11.png""},""amount"":3720000}]}"
149,1,market,1769234857,2026-01-24T06:07:37+00:00,False,,,,31707,7950000,,,8127478,Arregui,"{""player"":31707,""to"":{""id"":8127478,""name"":""Arregui"",""icon"":""https://lh3.googleusercontent.com/a/AItbvmlJOQCrYJFKsWPDYSjpqt1A7kAZJUhj-ZkmC-6Q=s300-c""},""amount"":7950000,""bids"":[{""user"":{""id"":6822272,""name"":""Ricardo J""},""amount"":7710000}]}"
149,2,market,1769234857,2026-01-24T06:07:37+00:00,False,,,,38194,1970000,,,6822272,Ricardo J,"{""player"":38194,""to"":{""id"":6822272,""name"":""Ricardo J""},""amount"":1970000}"
150,0,transfer,1769172958,2026-01-23T12:55:58+00:00,False,,,,10040,6246700,8128710,Los vengadores,,,"{""player"":10040,""from"":{""id"":8128710,""name"":""Los vengadores"",""icon"":""icons/11.png""},""amount"":6246700}"
151,0,market,1769148450,2026-01-23T06:07:30+00:00,False,,,,32629,1090000,,,6826480,Víctor Orta,"{""player"":32629,""to"":{""id"":6826480,""name"":""Víctor Orta"",""icon"":""i/u/6826480.png""},""amount"":1090000}"
152,0,transfer,1769066223,2026-01-22T07:17:03+00:00,False,,,,16889,343300,6826480,Víctor Orta,,,"{""player"":16889,""from"":{""id"":6826480,""name"":""Víctor Orta"",""icon"":""i/u/6826480.png""},""amount"":343300}"
152,1,transfer,1769066223,2026-01-22T07:17:03+00:00,False,,,,38963,2135900,6826480,Víctor Orta,,,"{""player"":38963,""from"":{""id"":6826480,""name"":""Víctor Orta"",""icon"":""i/u/6826480.png""},""amount"":2135900}"
153,0,market,1769062477,2026-01-22T06:14:37+00:00,False,,,,1613,2290000,,,6822272,Ricardo J,"{""player"":1613,""to"":{""id"":6822272,""name"":""Ricardo J""},""amount"":2290000}"
153,1,market,1769062477,2026-01-22T06:14:37+00:00,False,,,,38164,2780000,,,8127478,Arregui,"{""player"":38164,""to"":{""id"":8127478,""name"":""Arregui"",""icon"":""https://lh3.googleusercontent.com/a/AItbvmlJOQCrYJFKsWPDYSjpqt1A7kAZJUhj-ZkmC-6Q=s300-c""},""amount"":2780000,""bids"":[{""user"":{""id"":8128710,""name"":""Los vengadores"",""icon"":""icons/11.png""},""amount"":2710000},{""user"":{""id"":6822272,""name"":""Ricardo J""},""amount"":2525000}]}"
153,2,market,1769062477,2026-01-22T06:14:37+00:00,False,,,,26068,5950000,,,6826480,Víctor Orta,"{""player"":26068,""to"":{""id"":6826480,""name"":""Víctor Orta"",""icon"":""i/u/6826480.png""},""amount"":5950000,""bids"":[{""user"":{""id"":8127478,""name"":""Arregui"",""icon"":""https://lh3.googleusercontent.com/a/AItbvmlJOQCrYJFKsWPDYSjpqt1A7kAZJUhj-ZkmC-6Q=s300-c""},""amount"":5920000}]}"
153,3,market,1769062477,2026-01-22T06:14:37+00:00,False,,,,28309,5280000,,,8128710,Los vengadores,"{""player"":28309,""to"":{""id"":8128710,""name"":""Los vengadores"",""icon"":""icons/11.png""},""amount"":5280000,""bids"":[{""user"":{""id"":6826480,""name"":""Víctor Orta"",""icon"":""i/u/6826480.png""},""amount"":4700000},{""user"":{""id"":6822272,""name"":""Ricardo J""},""amount"":4560000}]}"
153,4,market,1769062477,2026-01-22T06:14:37+00:00,False,,,,25392,360000,,,8127478,Arregui,"{""player"":25392,""to"":{""id"":8127478,""name"":""Arregui"",""icon"":""https://lh3.googleusercontent.com/a/AItbvmlJOQCrYJFKsWPDYSjpqt1A7kAZJUhj-ZkmC-6Q=s300-c""},""amount"":360000}"
154,0,transfer,1768990989,2026-01-21T10:23:09+00:00,False,,,,12526,15342700,8127478,Arregui,,,"{""player"":12526,""from"":{""id"":8127478,""name"":""Arregui"",""icon"":""https://lh3.googleusercontent.com/a/AItbvmlJOQCrYJFKsWPDYSjpqt1A7kAZJUhj-ZkmC-6Q=s300-c""},""amount"":15342700}"
155,0,transfer,1768985393,2026-01-21T08:49:53+00:00,False,,,,17731,5231400,6822272,Ricardo J,,,"{""player"":17731,""from"":{""id"":6822272,""name"":""Ricardo J""},""amount"":5231400}"
156,0,transfer,1768982951,2026-01-21T08:09:11+00:00,False,,,,10650,1342700,8128710,Los vengadores,,,"{""player"":10650,""from"":{""id"":8128710,""name"":""Los vengadores"",""icon"":""icons/11.png""},""amount"":1342700}"
156,1,transfer,1768982951,2026-01-21T08:09:11+00:00,False,,,,21068,2091400,6826480,Víctor Orta,,,"{""player"":21068,""from"":{""id"":6826480,""name"":""Víctor Orta"",""icon"":""i/u/6826480.png""},""amount"":2091400}"
157,0,market,1768975612,2026-01-21T06:06:52+00:00,False,,,,2100,3720000,,,6826480,Víctor Orta,"{""player"":2100,""to"":{""id"":6826480,""name"":""Víctor Orta"",""icon"":""i/u/6826480.png""},""amount"":3720000,""bids"":[{""user"":{""id"":6822272,""name"":""Ricardo J""},""amount"":3610000}]}"
158,0,transfer,1768905131,2026-01-20T10:32:11+00:00,False,,,,20102,9014400,6822272,Ricardo J,,,"{""player"":20102,""from"":{""id"":6822272,""name"":""Ricardo J""},""amount"":9014400}"
159,0,transfer,1768812481,2026-01-19T08:48:01+00:00,False,,,,31018,2342900,8128710,Los vengadores,,,"{""player"":31018,""from"":{""id"":8128710,""name"":""Los vengadores"",""icon"":""icons/11.png""},""amount"":2342900}"
159,1,transfer,1768812481,2026-01-19T08:48:01+00:00,False,,,,37719,3989600,8128710,Los vengadores,,,"{""player"":37719,""from"":{""id"":8128710,""name"":""Los vengadores"",""icon"":""icons/11.png""},""amount"":3989600}"
160,0,transfer,1768809365,2026-01-19T07:56:05+00:00,False,,,,17056,1255500,6822272,Ricardo J,,,"{""player"":17056,""from"":{""id"":6822272,""name"":""Ricardo J""},""amount"":1255500}"
161,0,market,1768803048,2026-01-19T06:10:48+00:00,False,,,,14630,1720000,,,6822272,Ricardo J,"{""player"":14630,""to"":{""id"":6822272,""name"":""Ricardo J""},""amount"":1720000}"
162,0,transfer,1768774124,2026-01-18T22:08:44+00:00,False,,,,34111,6617400,6822272,Ricardo J,,,"{""player"":34111,""from"":{""id"":6822272,""name"":""Ricardo J""},""amount"":6617400}"
163,0,market,1768716334,2026-01-18T06:05:34+00:00,False,,,,26077,3240000,,,6822272,Ricardo J,"{""player"":26077,""to"":{""id"":6822272,""name"":""Ricardo J""},""amount"":3240000,""bids"":[{""user"":{""id"":8128710,""name"":""Los vengadores"",""icon"":""icons/11.png""},""amount"":2610000},{""user"":{""id"":8127478,""name"":""Arregui"",""icon"":""https://lh3.googleusercontent.com/a/AItbvmlJOQCrYJFKsWPDYSjpqt1A7kAZJUhj-ZkmC-6Q=s300-c""},""amount"":2200000}]}"
163,1,market,1768716334,2026-01-18T06:05:34+00:00,False,,,,5069,3640000,,,8128710,Los vengadores,"{""player"":5069,""to"":{""id"":8128710,""name"":""Los vengadores"",""icon"":""icons/11.png""},""amount"":3640000}"
163,2,market,1768716334,2026-01-18T06:05:34+00:00,False,,,,35249,4190000,,,6822272,Ricardo J,"{""player"":35249,""to"":{""id"":6822272,""name"":""Ricardo J""},""amount"":4190000,""bids"":[{""user"":{""id"":8128710,""name"":""Los vengadores"",""icon"":""icons/11.png""},""amount"":3510000}]}"
164,0,market,1768629893,2026-01-17T06:04:53+00:00,False,,,,1908,2650000,,,8128710,Los vengadores,"{""player"":1908,""to"":{""id"":8128710,""name"":""Los vengadores"",""icon"":""icons/11.png""},""amount"":2650000}"
164,1,market,1768629893,2026-01-17T06:04:53+00:00,False,,,,10650,1870000,,,8128710,Los vengadores,"{""player"":10650,""to"":{""id"":8128710,""name"":""Los vengadores"",""icon"":""icons/11.png""},""amount"":1870000}"
165,0,transfer,1768628075,2026-01-17T05:34:35+00:00,False,,,,897,5039000,8128710,Los vengadores,,,"{""player"":897,""from"":{""id"":8128710,""name"":""Los vengadores"",""icon"":""icons/11.png""},""amount"":5039000}"
166,0,transfer,1768549421,2026-01-16T07:43:41+00:00,False,,,,1599,1584400,10089858,Karlox F.C.,,,"{""player"":1599,""from"":{""id"":10089858,""name"":""Karlox F.C."",""icon"":""icons/7.png""},""amount"":1584400}"
167,0,market,1768543846,2026-01-16T06:10:46+00:00,False,,,,37456,788000,,,8128710,Los vengadores,"{""player"":37456,""to"":{""id"":8128710,""name"":""Los vengadores"",""icon"":""icons/11.png""},""amount"":788000}"
167,1,market,1768543846,2026-01-16T06:10:46+00:00,False,,,,33839,1740000,,,11678835,Julia,"{""player"":33839,""to"":{""id"":11678835,""name"":""Julia"",""icon"":""https://graph.facebook.com/10218096465979952/picture?height=300&width=300""},""amount"":1740000,""bids"":[{""user"":{""id"":8127478,""name"":""Arregui"",""icon"":""https://lh3.googleusercontent.com/a/AItbvmlJOQCrYJFKsWPDYSjpqt1A7kAZJUhj-ZkmC-6Q=s300-c""},""amount"":1640000},{""user"":{""id"":6822272,""name"":""Ricardo J""},""amount"":1206000}]}"
167,2,market,1768543846,2026-01-16T06:10:46+00:00,False,,,,18128,162000,,,8128710,Los vengadores,"{""player"":18128,""to"":{""id"":8128710,""name"":""Los vengadores"",""icon"":""icons/11.png""},""amount"":162000}"
168,0,market,1768457173,2026-01-15T06:06:13+00:00,False,,,,27996,1333333,,,10089858,Karlox F.C.,"{""player"":27996,""to"":{""id"":10089858,""name"":""Karlox F.C."",""icon"":""icons/7.png""},""amount"":1333333,""bids"":[{""user"":{""id"":11678835,""name"":""Julia"",""icon"":""https://graph.facebook.com/10218096465979952/picture?height=300&width=300""},""amount"":1210000}]}"
168,1,market,1768457173,2026-01-15T06:06:13+00:00,False,,,,38405,1968000,,,8128710,Los vengadores,"{""player"":38405,""to"":{""id"":8128710,""name"":""Los vengadores"",""icon"":""icons/11.png""},""amount"":1968000,""bids"":[{""user"":{""id"":11678835,""name"":""Julia"",""icon"":""https://graph.facebook.com/10218096465979952/picture?height=300&width=300""},""amount"":1960000}]}"
168,2,market,1768457173,2026-01-15T06:06:13+00:00,False,,,,24576,4160000,,,8128710,Los vengadores,"{""player"":24576,""to"":{""id"":8128710,""name"":""Los vengadores"",""icon"":""icons/11.png""},""amount"":4160000}"
168,3,market,1768457173,2026-01-15T06:06:13+00:00,False,,,,18251,4720000,,,6822272,Ricardo J,"{""player"":18251,""to"":{""id"":6822272,""name"":""Ricardo J""},""amount"":4720000,""bids"":[{""user"":{""id"":8128710,""name"":""Los vengadores"",""icon"":""icons/11.png""},""amount"":4660000}]}"
168,4,market,1768457173,2026-01-15T06:06:13+00:00,False,,,,18382,1370000,,,11678835,Julia,"{""player"":18382,""to"":{""id"":11678835,""name"":""Julia"",""icon"":""https://graph.facebook.com/10218096465979952/picture?height=300&width=300""},""amount"":1370000}"
168,5,market,1768457173,2026-01-15T06:06:13+00:00,False,,,,16889,360000,,,6826480,Víctor Orta,"{""player"":16889,""to"":{""id"":6826480,""name"":""Víctor Orta"",""icon"":""i/u/6826480.png""},""amount"":360000}"
169,0,transfer,1768426995,2026-01-14T21:43:15+00:00,False,,,,35615,3981400,11678835,Julia,,,"{""player"":35615,""from"":{""id"":11678835,""name"":""Julia"",""icon"":""https://graph.facebook.com/10218096465979952/picture?height=300&width=300""},""amount"":3981400}"
170,0,transfer,1768402764,2026-01-14T14:59:24+00:00,False,,,,2253,5361300,6822272,Ricardo J,,,"{""player"":2253,""from"":{""id"":6822272,""name"":""Ricardo J""},""amount"":5361300}"
171,0,transfer,1768374095,2026-01-14T07:01:35+00:00,False,,,,18174,10527500,6822272,Ricardo J,,,"{""player"":18174,""from"":{""id"":6822272,""name"":""Ricardo J""},""amount"":10527500}"
172,0,market,1768370897,2026-01-14T06:08:17+00:00,False,,,,24732,1290000,,,6822272,Ricardo J,"{""player"":24732,""to"":{""id"":6822272,""name"":""Ricardo J""},""amount"":1290000,""bids"":[{""user"":{""id"":8128710,""name"":""Los vengadores"",""icon"":""icons/11.png""},""amount"":1198000}]}"
173,0,transfer,1768314915,2026-01-13T14:35:15+00:00,False,,,,19862,7992700,6822272,Ricardo J,,,"{""player"":19862,""from"":{""id"":6822272,""name"":""Ricardo J""},""amount"":7992700}"
174,0,market,1768284555,2026-01-13T06:09:15+00:00,False,,,,31043,1810000,,,8128710,Los vengadores,"{""player"":31043,""to"":{""id"":8128710,""name"":""Los vengadores"",""icon"":""icons/11.png""},""amount"":1810000,""bids"":[{""user"":{""id"":11678835,""name"":""Julia"",""icon"":""https://graph.facebook.com/10218096465979952/picture?height=300&width=300""},""amount"":1790000}]}"
174,1,market,1768284555,2026-01-13T06:09:15+00:00,False,,,,129,1100020,,,8128710,Los vengadores,"{""player"":129,""to"":{""id"":8128710,""name"":""Los vengadores"",""icon"":""icons/11.png""},""amount"":1100020,""bids"":[{""user"":{""id"":11678835,""name"":""Julia"",""icon"":""https://graph.facebook.com/10218096465979952/picture?height=300&width=300""},""amount"":880000}]}"
174,2,market,1768284555,2026-01-13T06:09:15+00:00,False,,,,21063,220000,,,11678835,Julia,"{""player"":21063,""to"":{""id"":11678835,""name"":""Julia"",""icon"":""https://graph.facebook.com/10218096465979952/picture?height=300&width=300""},""amount"":220000}"
174,3,market,1768284555,2026-01-13T06:09:15+00:00,False,,,,31018,2360000,,,8128710,Los vengadores,"{""player"":31018,""to"":{""id"":8128710,""name"":""Los vengadores"",""icon"":""icons/11.png""},""amount"":2360000}"
175,0,transfer,1768262779,2026-01-13T00:06:19+00:00,False,,,,2602,6320200,8128710,Los vengadores,,,"{""player"":2602,""from"":{""id"":8128710,""name"":""Los vengadores"",""icon"":""icons/11.png""},""amount"":6320200}"
176,0,transfer,1768236398,2026-01-12T16:46:38+00:00,False,,,,13994,632200,8127478,Arregui,,,"{""player"":13994,""from"":{""id"":8127478,""name"":""Arregui"",""icon"":""https://lh3.googleusercontent.com/a/AItbvmlJOQCrYJFKsWPDYSjpqt1A7kAZJUhj-ZkmC-6Q=s300-c""},""amount"":632200}"
176,1,transfer,1768236398,2026-01-12T16:46:38+00:00,False,,,,18382,1330500,8127478,Arregui,,,"{""player"":18382,""from"":{""id"":8127478,""name"":""Arregui"",""icon"":""https://lh3.googleusercontent.com/a/AItbvmlJOQCrYJFKsWPDYSjpqt1A7kAZJUhj-ZkmC-6Q=s300-c""},""amount"":1330500}"
177,0,market,1768111636,2026-01-11T06:07:16+00:00,False,,,,9402,11510000,,,6822272,Ricardo J,"{""player"":9402,""to"":{""id"":6822272,""name"":""Ricardo J""},""amount"":11510000}"
177,1,market,1768111636,2026-01-11T06:07:16+00:00,False,,,,11686,5760000,,,6822272,Ricardo J,"{""player"":11686,""to"":{""id"":6822272,""name"":""Ricardo J""},""amount"":5760000}"
177,2,market,1768111636,2026-01-11T06:07:16+00:00,False,,,,32042,4100000,,,6822272,Ricardo J,"{""player"":32042,""to"":{""id"":6822272,""name"":""Ricardo J""},""amount"":4100000,""bids"":[{""user"":{""id"":10089858,""name"":""Karlox F.C."",""icon"":""icons/7.png""},""amount"":3111111}]}"
177,3,market,1768111636,2026-01-11T06:07:16+00:00,False,,,,38216,860000,,,6822272,Ricardo J,"{""player"":38216,""to"":{""id"":6822272,""name"":""Ricardo J""},""amount"":860000}"
178,0,transfer,1768066500,2026-01-10T17:35:00+00:00,False,,,,34479,6553500,6822272,Ricardo J,,,"{""player"":34479,""from"":{""id"":6822272,""name"":""Ricardo J""},""amount"":6553500}"
179,0,market,1768025172,2026-01-10T06:06:12+00:00,False,,,,31027,10310009,,,6822272,Ricardo J,"{""player"":31027,""to"":{""id"":6822272,""name"":""Ricardo J""},""amount"":10310009}"
179,1,market,1768025172,2026-01-10T06:06:12+00:00,False,,,,24979,800000,,,8127478,Arregui,"{""player"":24979,""to"":{""id"":8127478,""name"":""Arregui"",""icon"":""https://lh3.googleusercontent.com/a/AItbvmlJOQCrYJFKsWPDYSjpqt1A7kAZJUhj-ZkmC-6Q=s300-c""},""amount"":800000}"
180,0,transfer,1767944609,2026-01-09T07:43:29+00:00,False,,,,2001,8794600,6822272,Ricardo J,,,"{""player"":2001,""from"":{""id"":6822272,""name"":""Ricardo J""},""amount"":8794600}"
181,0,market,1767938912,2026-01-09T06:08:32+00:00,False,,,,11045,2850000,,,8127478,Arregui,"{""player"":11045,""to"":{""id"":8127478,""name"":""Arregui"",""icon"":""https://lh3.googleusercontent.com/a/AItbvmlJOQCrYJFKsWPDYSjpqt1A7kAZJUhj-ZkmC-6Q=s300-c""},""amount"":2850000,""bids"":[{""user"":{""id"":6826480,""name"":""Víctor Orta"",""icon"":""i/u/6826480.png""},""amount"":2510000},{""user"":{""id"":8128710,""name"":""Los vengadores"",""icon"":""icons/11.png""},""amount"":2460000}]}"
181,1,market,1767938912,2026-01-09T06:08:32+00:00,False,,,,38962,7111111,,,10089858,Karlox F.C.,"{""player"":38962,""to"":{""id"":10089858,""name"":""Karlox F.C."",""icon"":""icons/7.png""},""amount"":7111111,""bids"":[{""user"":{""id"":8128710,""name"":""Los vengadores"",""icon"":""icons/11.png""},""amount"":6680000},{""user"":{""id"":8127478,""name"":""Arregui"",""icon"":""https://lh3.googleusercontent.com/a/AItbvmlJOQCrYJFKsWPDYSjpqt1A7kAZJUhj-ZkmC-6Q=s300-c""},""amount"":6100000}]}"
182,0,transfer,1767858813,2026-01-08T07:53:33+00:00,False,,,,29908,3453300,6822272,Ricardo J,,,"{""player"":29908,""from"":{""id"":6822272,""name"":""Ricardo J""},""amount"":3453300}"
183,0,market,1767852437,2026-01-08T06:07:17+00:00,False,,,,10139,7395000,,,6822272,Ricardo J,"{""player"":10139,""to"":{""id"":6822272,""name"":""Ricardo J""},""amount"":7395000,""bids"":[{""user"":{""id"":6826480,""name"":""Víctor Orta"",""icon"":""i/u/6826480.png""},""amount"":7110000},{""user"":{""id"":8128710,""name"":""Los vengadores"",""icon"":""icons/11.png""},""amount"":6780000}]}"
184,0,market,1767766159,2026-01-07T06:09:19+00:00,False,,,,37499,2100000,,,6822272,Ricardo J,"{""player"":37499,""to"":{""id"":6822272,""name"":""Ricardo J""},""amount"":2100000}"
184,1,market,1767766159,2026-01-07T06:09:19+00:00,False,,,,35678,6250000,,,6826480,Víctor Orta,"{""player"":35678,""to"":{""id"":6826480,""name"":""Víctor Orta"",""icon"":""i/u/6826480.png""},""amount"":6250000,""bids"":[{""user"":{""id"":8127478,""name"":""Arregui"",""icon"":""https://lh3.googleusercontent.com/a/AItbvmlJOQCrYJFKsWPDYSjpqt1A7kAZJUhj-ZkmC-6Q=s300-c""},""amount"":4850000}]}"
184,2,market,1767766159,2026-01-07T06:09:19+00:00,False,,,,10292,260000,,,11678835,Julia,"{""player"":10292,""to"":{""id"":11678835,""name"":""Julia"",""icon"":""https://graph.facebook.com/10218096465979952/picture?height=300&width=300""},""amount"":260000}"
184,3,market,1767766159,2026-01-07T06:09:19+00:00,False,,,,37725,4900000,,,6826480,Víctor Orta,"{""player"":37725,""to"":{""id"":6826480,""name"":""Víctor Orta"",""icon"":""i/u/6826480.png""},""amount"":4900000}"
184,4,market,1767766159,2026-01-07T06:09:19+00:00,False,,,,1992,370000,,,11678835,Julia,"{""player"":1992,""to"":{""id"":11678835,""name"":""Julia"",""icon"":""https://graph.facebook.com/10218096465979952/picture?height=300&width=300""},""amount"":370000}"
184,5,market,1767766159,2026-01-07T06:09:19+00:00,False,,,,33694,3200002,,,6826480,Víctor Orta,"{""player"":33694,""to"":{""id"":6826480,""name"":""Víctor Orta"",""icon"":""i/u/6826480.png""},""amount"":3200002}"
185,0,transfer,1767742280,2026-01-06T23:31:20+00:00,False,,,,38964,2945400,6826480,Víctor Orta,,,"{""player"":38964,""from"":{""id"":6826480,""name"":""Víctor Orta"",""icon"":""i/u/6826480.png""},""amount"":2945400}"
186,0,transfer,1767716251,2026-01-06T16:17:31+00:00,False,,,,1995,4181700,8127478,Arregui,,,"{""player"":1995,""from"":{""id"":8127478,""name"":""Arregui"",""icon"":""https://lh3.googleusercontent.com/a/AItbvmlJOQCrYJFKsWPDYSjpqt1A7kAZJUhj-ZkmC-6Q=s300-c""},""amount"":4181700}"
187,0,transfer,1767702232,2026-01-06T12:23:52+00:00,False,,,,1153,6817700,8128710,Los vengadores,,,"{""player"":1153,""from"":{""id"":8128710,""name"":""Los vengadores"",""icon"":""icons/11.png""},""amount"":6817700}"
188,0,transfer,1767685848,2026-01-06T07:50:48+00:00,False,,,,1074,1898800,11678835,Julia,,,"{""player"":1074,""from"":{""id"":11678835,""name"":""Julia"",""icon"":""https://graph.facebook.com/10218096465979952/picture?height=300&width=300""},""amount"":1898800}"
189,0,market,1767679518,2026-01-06T06:05:18+00:00,False,,,,17056,1128000,,,6822272,Ricardo J,"{""player"":17056,""to"":{""id"":6822272,""name"":""Ricardo J""},""amount"":1128000}"
189,1,market,1767679518,2026-01-06T06:05:18+00:00,False,,,,18398,7730000,,,11678835,Julia,"{""player"":18398,""to"":{""id"":11678835,""name"":""Julia"",""icon"":""https://graph.facebook.com/10218096465979952/picture?height=300&width=300""},""amount"":7730000}"
190,0,market,1767593153,2026-01-05T06:05:53+00:00,False,,,,951,2360000,,,11678835,Julia,"{""player"":951,""to"":{""id"":11678835,""name"":""Julia"",""icon"":""https://graph.facebook.com/10218096465979952/picture?height=300&width=300""},""amount"":2360000,""bids"":[{""user"":{""id"":6826480,""name"":""Víctor Orta"",""icon"":""i/u/6826480.png""},""amount"":2260000}]}"
191,0,transfer,1767548815,2026-01-04T17:46:55+00:00,False,,,,19614,2793000,8128710,Los vengadores,,,"{""player"":19614,""from"":{""id"":8128710,""name"":""Los vengadores"",""icon"":""icons/11.png""},""amount"":2793000}"
192,0,market,1767506885,2026-01-04T06:08:05+00:00,False,,,,14800,1900000,,,8127478,Arregui,"{""player"":14800,""to"":{""id"":8127478,""name"":""Arregui"",""icon"":""https://lh3.googleusercontent.com/a/AItbvmlJOQCrYJFKsWPDYSjpqt1A7kAZJUhj-ZkmC-6Q=s300-c""},""amount"":1900000,""bids"":[{""user"":{""id"":8128710,""name"":""Los vengadores"",""icon"":""icons/11.png""},""amount"":1808000}]}"
193,0,transfer,1767431186,2026-01-03T09:06:26+00:00,False,,,,26344,1318800,8127478,Arregui,,,"{""player"":26344,""from"":{""id"":8127478,""name"":""Arregui"",""icon"":""https://lh3.googleusercontent.com/a/AItbvmlJOQCrYJFKsWPDYSjpqt1A7kAZJUhj-ZkmC-6Q=s300-c""},""amount"":1318800}"
194,0,market,1767420479,2026-01-03T06:07:59+00:00,False,,,,22699,1908000,,,10089858,Karlox F.C.,"{""player"":22699,""to"":{""id"":10089858,""name"":""Karlox F.C."",""icon"":""icons/7.png""},""amount"":1908000,""bids"":[{""user"":{""id"":8127478,""name"":""Arregui"",""icon"":""https://lh3.googleusercontent.com/a/AItbvmlJOQCrYJFKsWPDYSjpqt1A7kAZJUhj-ZkmC-6Q=s300-c""},""amount"":1900000},{""user"":{""id"":8128710,""name"":""Los vengadores"",""icon"":""icons/11.png""},""amount"":1830000}]}"
195,0,transfer,1767368841,2026-01-02T15:47:21+00:00,False,,,,12494,2190500,8127478,Arregui,,,"{""player"":12494,""from"":{""id"":8127478,""name"":""Arregui"",""icon"":""https://lh3.googleusercontent.com/a/AItbvmlJOQCrYJFKsWPDYSjpqt1A7kAZJUhj-ZkmC-6Q=s300-c""},""amount"":2190500}"
196,0,transfer,1767367848,2026-01-02T15:30:48+00:00,False,,,,16317,3121100,8128710,Los vengadores,,,"{""player"":16317,""from"":{""id"":8128710,""name"":""Los vengadores"",""icon"":""icons/11.png""},""amount"":3121100}"
196,1,transfer,1767367848,2026-01-02T15:30:48+00:00,False,,,,38178,796100,8128710,Los vengadores,,,"{""player"":38178,""from"":{""id"":8128710,""name"":""Los vengadores"",""icon"":""icons/11.png""},""amount"":796100}"
197,0,market,1767334066,2026-01-02T06:07:46+00:00,False,,,,34479,6110000,,,6822272,Ricardo J,"{""player"":34479,""to"":{""id"":6822272,""name"":""Ricardo J""},""amount"":6110000}"
197,1,market,1767334066,2026-01-02T06:07:46+00:00,False,,,,5352,1685000,,,8128710,Los vengadores,"{""player"":5352,""to"":{""id"":8128710,""name"":""Los vengadores"",""icon"":""icons/11.png""},""amount"":1685000}"
197,2,market,1767334066,2026-01-02T06:07:46+00:00,False,,,,18178,7790000,,,6822272,Ricardo J,"{""player"":18178,""to"":{""id"":6822272,""name"":""Ricardo J""},""amount"":7790000}"
198,0,transfer,1767265637,2026-01-01T11:07:17+00:00,False,,,,15464,1026400,6822272,Ricardo J,,,"{""player"":15464,""from"":{""id"":6822272,""name"":""Ricardo J""},""amount"":1026400}"
199,0,market,1767247660,2026-01-01T06:07:40+00:00,False,,,,1599,1888888,,,10089858,Karlox F.C.,"{""player"":1599,""to"":{""id"":10089858,""name"":""Karlox F.C."",""icon"":""icons/7.png""},""amount"":1888888}"
200,0,market,1767161162,2025-12-31T06:06:02+00:00,False,,,,755,2120000,,,6822272,Ricardo J,"{""player"":755,""to"":{""id"":6822272,""name"":""Ricardo J""},""amount"":2120000}"
201,0,transfer,1767091853,2025-12-30T10:50:53+00:00,False,,,,38194,2700300,6822272,Ricardo J,,,"{""player"":38194,""from"":{""id"":6822272,""name"":""Ricardo J""},""amount"":2700300}"
202,0,market,1767074805,2025-12-30T06:06:45+00:00,False,,,,18174,9890000,,,6822272,Ricardo J,"{""player"":18174,""to"":{""id"":6822272,""name"":""Ricardo J""},""amount"":9890000,""bids"":[{""user"":{""id"":8128710,""name"":""Los vengadores"",""icon"":""icons/11.png""},""amount"":9480000}]}"
202,1,market,1767074805,2025-12-30T06:06:45+00:00,False,,,,21145,630000,,,6826480,Víctor Orta,"{""player"":21145,""to"":{""id"":6826480,""name"":""Víctor Orta"",""icon"":""i/u/6826480.png""},""amount"":630000}"
203,0,transfer,1767035418,2025-12-29T19:10:18+00:00,False,,,,32460,3352300,6822272,Ricardo J,,,"{""player"":32460,""from"":{""id"":6822272,""name"":""Ricardo J""},""amount"":3352300}"
204,0,market,1766988403,2025-12-29T06:06:43+00:00,False,,,,1153,6583000,,,8128710,Los vengadores,"{""player"":1153,""to"":{""id"":8128710,""name"":""Los vengadores"",""icon"":""icons/11.png""},""amount"":6583000}"
204,1,market,1766988403,2025-12-29T06:06:43+00:00,False,,,,2602,7360000,,,8128710,Los vengadores,"{""player"":2602,""to"":{""id"":8128710,""name"":""Los vengadores"",""icon"":""icons/11.png""},""amount"":7360000,""bids"":[{""user"":{""id"":10089858,""name"":""Karlox F.C."",""icon"":""icons/7.png""},""amount"":7111111}]}"
204,2,market,1766988403,2025-12-29T06:06:43+00:00,False,,,,16317,3020000,,,8128710,Los vengadores,"{""player"":16317,""to"":{""id"":8128710,""name"":""Los vengadores"",""icon"":""icons/11.png""},""amount"":3020000}"
205,0,transfer,1766958345,2025-12-28T21:45:45+00:00,False,,,,23840,2276700,8127478,Arregui,,,"{""player"":23840,""from"":{""id"":8127478,""name"":""Arregui"",""icon"":""https://lh3.googleusercontent.com/a/AItbvmlJOQCrYJFKsWPDYSjpqt1A7kAZJUhj-ZkmC-6Q=s300-c""},""amount"":2276700}"
206,0,transfer,1766914163,2025-12-28T09:29:23+00:00,False,,,,21008,12113800,6822272,Ricardo J,,,"{""player"":21008,""from"":{""id"":6822272,""name"":""Ricardo J""},""amount"":12113800}"
207,0,transfer,1766902167,2025-12-28T06:09:27+00:00,False,,,,37450,513400,11678835,Julia,,,"{""player"":37450,""from"":{""id"":11678835,""name"":""Julia"",""icon"":""https://graph.facebook.com/10218096465979952/picture?height=300&width=300""},""amount"":513400}"
208,0,market,1766901958,2025-12-28T06:05:58+00:00,False,,,,37719,3880000,,,8128710,Los vengadores,"{""player"":37719,""to"":{""id"":8128710,""name"":""Los vengadores"",""icon"":""icons/11.png""},""amount"":3880000,""bids"":[{""user"":{""id"":8127478,""name"":""Arregui"",""icon"":""https://lh3.googleusercontent.com/a/AItbvmlJOQCrYJFKsWPDYSjpqt1A7kAZJUhj-ZkmC-6Q=s300-c""},""amount"":3850000},{""user"":{""id"":6822272,""name"":""Ricardo J""},""amount"":3615000}]}"
208,1,market,1766901958,2025-12-28T06:05:58+00:00,False,,,,2600,9880000,,,8128710,Los vengadores,"{""player"":2600,""to"":{""id"":8128710,""name"":""Los vengadores"",""icon"":""icons/11.png""},""amount"":9880000,""bids"":[{""user"":{""id"":6822272,""name"":""Ricardo J""},""amount"":9100000},{""user"":{""id"":11678835,""name"":""Julia"",""icon"":""https://graph.facebook.com/10218096465979952/picture?height=300&width=300""},""amount"":8790000}]}"
208,2,market,1766901958,2025-12-28T06:05:58+00:00,False,,,,32114,3500000,,,11678835,Julia,"{""player"":32114,""to"":{""id"":11678835,""name"":""Julia"",""icon"":""https://graph.facebook.com/10218096465979952/picture?height=300&width=300""},""amount"":3500000}"
209,0,market,1766815692,2025-12-27T06:08:12+00:00,False,,,,38194,2710000,,,6822272,Ricardo J,"{""player"":38194,""to"":{""id"":6822272,""name"":""Ricardo J""},""amount"":2710000,""bids"":[{""user"":{""id"":8127478,""name"":""Arregui"",""icon"":""https://lh3.googleusercontent.com/a/AItbvmlJOQCrYJFKsWPDYSjpqt1A7kAZJUhj-ZkmC-6Q=s300-c""},""amount"":2600000}]}"
210,0,market,1766729233,2025-12-26T06:07:13+00:00,False,,,,1927,12800000,,,6822272,Ricardo J,"{""player"":1927,""to"":{""id"":6822272,""name"":""Ricardo J""},""amount"":12800000,""bids"":[{""user"":{""id"":6826480,""name"":""Víctor Orta"",""icon"":""i/u/6826480.png""},""amount"":11580000},{""user"":{""id"":8128710,""name"":""Los vengadores"",""icon"":""icons/11.png""},""amount"":11520000}]}"
210,1,market,1766729233,2025-12-26T06:07:13+00:00,False,,,,38178,660020,,,8128710,Los vengadores,"{""player"":38178,""to"":{""id"":8128710,""name"":""Los vengadores"",""icon"":""icons/11.png""},""amount"":660020}"
211,0,market,1766642800,2025-12-25T06:06:40+00:00,False,,,,1995,4040000,,,8127478,Arregui,"{""player"":1995,""to"":{""id"":8127478,""name"":""Arregui"",""icon"":""https://lh3.googleusercontent.com/a/AItbvmlJOQCrYJFKsWPDYSjpqt1A7kAZJUhj-ZkmC-6Q=s300-c""},""amount"":4040000,""bids"":[{""user"":{""id"":8128710,""name"":""Los vengadores"",""icon"":""icons/11.png""},""amount"":3950000}]}"
212,0,transfer,1766603610,2025-12-24T19:13:30+00:00,False,,,,10139,6796200,8128710,Los vengadores,,,"{""player"":10139,""from"":{""id"":8128710,""name"":""Los vengadores"",""icon"":""icons/11.png""},""amount"":6796200}"
212,1,transfer,1766603610,2025-12-24T19:13:30+00:00,False,,,,15719,3276600,8128710,Los vengadores,,,"{""player"":15719,""from"":{""id"":8128710,""name"":""Los vengadores"",""icon"":""icons/11.png""},""amount"":3276600}"
212,2,transfer,1766603610,2025-12-24T19:13:30+00:00,False,,,,10574,3466300,8128710,Los vengadores,,,"{""player"":10574,""from"":{""id"":8128710,""name"":""Los vengadores"",""icon"":""icons/11.png""},""amount"":3466300}"
213,0,market,1766556421,2025-12-24T06:07:01+00:00,False,,,,19862,7328000,,,6822272,Ricardo J,"{""player"":19862,""to"":{""id"":6822272,""name"":""Ricardo J""},""amount"":7328000,""bids"":[{""user"":{""id"":6826480,""name"":""Víctor Orta"",""icon"":""i/u/6826480.png""},""amount"":6990000}]}"
214,0,transfer,1766512595,2025-12-23T17:56:35+00:00,False,,,,38290,3476600,6826480,Víctor Orta,,,"{""player"":38290,""from"":{""id"":6826480,""name"":""Víctor Orta"",""icon"":""i/u/6826480.png""},""amount"":3476600}"
214,1,transfer,1766512595,2025-12-23T17:56:35+00:00,False,,,,8695,1592700,6826480,Víctor Orta,,,"{""player"":8695,""from"":{""id"":6826480,""name"":""Víctor Orta"",""icon"":""i/u/6826480.png""},""amount"":1592700}"
214,2,transfer,1766512595,2025-12-23T17:56:35+00:00,False,,,,37724,1548700,6826480,Víctor Orta,,,"{""player"":37724,""from"":{""id"":6826480,""name"":""Víctor Orta"",""icon"":""i/u/6826480.png""},""amount"":1548700}"
214,3,transfer,1766512595,2025-12-23T17:56:35+00:00,False,,,,1969,1272400,6826480,Víctor Orta,,,"{""player"":1969,""from"":{""id"":6826480,""name"":""Víctor Orta"",""icon"":""i/u/6826480.png""},""amount"":1272400}"
214,4,transfer,1766512595,2025-12-23T17:56:35+00:00,False,,,,26994,1085200,6826480,Víctor Orta,,,"{""player"":26994,""from"":{""id"":6826480,""name"":""Víctor Orta"",""icon"":""i/u/6826480.png""},""amount"":1085200}"
214,5,transfer,1766512595,2025-12-23T17:56:35+00:00,False,,,,10157,940500,6826480,Víctor Orta,,,"{""player"":10157,""from"":{""id"":6826480,""name"":""Víctor Orta"",""icon"":""i/u/6826480.png""},""amount"":940500}"
214,6,transfer,1766512595,2025-12-23T17:56:35+00:00,False,,,,17690,1902600,6826480,Víctor Orta,,,"{""player"":17690,""from"":{""id"":6826480,""name"":""Víctor Orta"",""icon"":""i/u/6826480.png""},""amount"":1902600}"
215,0,transfer,1766501565,2025-12-23T14:52:45+00:00,False,,,,38847,1434500,8127478,Arregui,,,"{""player"":38847,""from"":{""id"":8127478,""name"":""Arregui"",""icon"":""https://lh3.googleusercontent.com/a/AItbvmlJOQCrYJFKsWPDYSjpqt1A7kAZJUhj-ZkmC-6Q=s300-c""},""amount"":1434500}"
216,0,transfer,1766479315,2025-12-23T08:41:55+00:00,False,,,,1249,12658500,6822272,Ricardo J,,,"{""player"":1249,""from"":{""id"":6822272,""name"":""Ricardo J""},""amount"":12658500}"
216,1,transfer,1766479315,2025-12-23T08:41:55+00:00,False,,,,15471,1344000,6822272,Ricardo J,,,"{""player"":15471,""from"":{""id"":6822272,""name"":""Ricardo J""},""amount"":1344000}"
216,2,transfer,1766479315,2025-12-23T08:41:55+00:00,False,,,,26095,2845600,6822272,Ricardo J,,,"{""player"":26095,""from"":{""id"":6822272,""name"":""Ricardo J""},""amount"":2845600}"
217,0,market,1766470135,2025-12-23T06:08:55+00:00,False,,,,29908,3260000,,,6822272,Ricardo J,"{""player"":29908,""to"":{""id"":6822272,""name"":""Ricardo J""},""amount"":3260000,""bids"":[{""user"":{""id"":8128710,""name"":""Los vengadores"",""icon"":""icons/11.png""},""amount"":2710000}]}"
217,1,market,1766470135,2025-12-23T06:08:55+00:00,False,,,,2603,11880000,,,6822272,Ricardo J,"{""player"":2603,""to"":{""id"":6822272,""name"":""Ricardo J""},""amount"":11880000,""bids"":[{""user"":{""id"":8128710,""name"":""Los vengadores"",""icon"":""icons/11.png""},""amount"":11120000},{""user"":{""id"":10089858,""name"":""Karlox F.C."",""icon"":""icons/7.png""},""amount"":11111111}]}"
217,2,market,1766470135,2025-12-23T06:08:55+00:00,False,,,,35765,220000,,,8127478,Arregui,"{""player"":35765,""to"":{""id"":8127478,""name"":""Arregui"",""icon"":""https://lh3.googleusercontent.com/a/AItbvmlJOQCrYJFKsWPDYSjpqt1A7kAZJUhj-ZkmC-6Q=s300-c""},""amount"":220000}"
217,3,market,1766470135,2025-12-23T06:08:55+00:00,False,,,,13994,680000,,,8127478,Arregui,"{""player"":13994,""to"":{""id"":8127478,""name"":""Arregui"",""icon"":""https://lh3.googleusercontent.com/a/AItbvmlJOQCrYJFKsWPDYSjpqt1A7kAZJUhj-ZkmC-6Q=s300-c""},""amount"":680000}"
218,0,transfer,1766424885,2025-12-22T17:34:45+00:00,False,,,,11686,7427200,10089858,Karlox F.C.,,,"{""player"":11686,""from"":{""id"":10089858,""name"":""Karlox F.C."",""icon"":""icons/7.png""},""amount"":7427200}"
219,0,market,1766383682,2025-12-22T06:08:02+00:00,False,,,,26344,1130000,,,8127478,Arregui,"{""player"":26344,""to"":{""id"":8127478,""name"":""Arregui"",""icon"":""https://lh3.googleusercontent.com/a/AItbvmlJOQCrYJFKsWPDYSjpqt1A7kAZJUhj-ZkmC-6Q=s300-c""},""amount"":1130000}"
219,1,market,1766383682,2025-12-22T06:08:02+00:00,False,,,,15471,1530007,,,6822272,Ricardo J,"{""player"":15471,""to"":{""id"":6822272,""name"":""Ricardo J""},""amount"":1530007}"
220,0,transfer,1766338418,2025-12-21T17:33:38+00:00,False,,,,31027,11758500,8128710,Los vengadores,,,"{""player"":31027,""from"":{""id"":8128710,""name"":""Los vengadores"",""icon"":""icons/11.png""},""amount"":11758500}"
221,0,transfer,1766311493,2025-12-21T10:04:53+00:00,False,,,,15568,19246700,6822272,Ricardo J,,,"{""player"":15568,""from"":{""id"":6822272,""name"":""Ricardo J""},""amount"":19246700}"
221,1,transfer,1766311493,2025-12-21T10:04:53+00:00,False,,,,34541,684600,6822272,Ricardo J,,,"{""player"":34541,""from"":{""id"":6822272,""name"":""Ricardo J""},""amount"":684600}"
222,0,transfer,1766273261,2025-12-20T23:27:41+00:00,False,,,,9402,11614600,6822272,Ricardo J,,,"{""player"":9402,""from"":{""id"":6822272,""name"":""Ricardo J""},""amount"":11614600}"
223,0,market,1766210822,2025-12-20T06:07:02+00:00,False,,,,15464,1001000,,,6822272,Ricardo J,"{""player"":15464,""to"":{""id"":6822272,""name"":""Ricardo J""},""amount"":1001000}"
224,0,market,1766037858,2025-12-18T06:04:18+00:00,False,,,,10157,990000,,,6826480,Víctor Orta,"{""player"":10157,""to"":{""id"":6826480,""name"":""Víctor Orta"",""icon"":""i/u/6826480.png""},""amount"":990000}"
225,0,transfer,1766036428,2025-12-18T05:40:28+00:00,False,,,,15462,362200,10089858,Karlox F.C.,,,"{""player"":15462,""from"":{""id"":10089858,""name"":""Karlox F.C."",""icon"":""icons/7.png""},""amount"":362200}"
226,0,transfer,1765965762,2025-12-17T10:02:42+00:00,False,,,,24576,3346300,5684093,CD Cornisa Azul,,,"{""player"":24576,""from"":{""id"":5684093,""name"":""CD Cornisa Azul"",""icon"":""icons/42.png""},""amount"":3346300}"
227,0,transfer,1765952485,2025-12-17T06:21:25+00:00,False,,,,2184,2501800,5684093,CD Cornisa Azul,,,"{""player"":2184,""from"":{""id"":5684093,""name"":""CD Cornisa Azul"",""icon"":""icons/42.png""},""amount"":2501800}"
228,0,market,1765951538,2025-12-17T06:05:38+00:00,False,,,,22964,4851000,,,5684093,CD Cornisa Azul,"{""player"":22964,""to"":{""id"":5684093,""name"":""CD Cornisa Azul"",""icon"":""icons/42.png""},""amount"":4851000,""bids"":[{""user"":{""id"":8128710,""name"":""Los vengadores"",""icon"":""icons/11.png""},""amount"":4780000},{""user"":{""id"":6826480,""name"":""Víctor Orta"",""icon"":""i/u/6826480.png""},""amount"":4712000}]}"
228,1,market,1765951538,2025-12-17T06:05:38+00:00,False,,,,27994,3751420,,,5684093,CD Cornisa Azul,"{""player"":27994,""to"":{""id"":5684093,""name"":""CD Cornisa Azul"",""icon"":""icons/42.png""},""amount"":3751420,""bids"":[{""user"":{""id"":11678835,""name"":""Julia"",""icon"":""https://graph.facebook.com/10218096465979952/picture?height=300&width=300""},""amount"":3470000}]}"
228,2,market,1765951538,2025-12-17T06:05:38+00:00,False,,,,38368,760800,,,10089858,Karlox F.C.,"{""player"":38368,""to"":{""id"":10089858,""name"":""Karlox F.C."",""icon"":""icons/7.png""},""amount"":760800,""bids"":[{""user"":{""id"":6822272,""name"":""Ricardo J""},""amount"":437000}]}"
228,3,market,1765951538,2025-12-17T06:05:38+00:00,False,,,,9887,2750000,,,5684093,CD Cornisa Azul,"{""player"":9887,""to"":{""id"":5684093,""name"":""CD Cornisa Azul"",""icon"":""icons/42.png""},""amount"":2750000}"
228,4,market,1765951538,2025-12-17T06:05:38+00:00,False,,,,8695,1680000,,,6826480,Víctor Orta,"{""player"":8695,""to"":{""id"":6826480,""name"":""Víctor Orta"",""icon"":""i/u/6826480.png""},""amount"":1680000}"
229,0,transfer,1765921286,2025-12-16T21:41:26+00:00,False,,,,1927,10874600,8128710,Los vengadores,,,"{""player"":1927,""from"":{""id"":8128710,""name"":""Los vengadores"",""icon"":""icons/11.png""},""amount"":10874600}"
230,0,market,1765865111,2025-12-16T06:05:11+00:00,False,,,,6259,3654000,,,5684093,CD Cornisa Azul,"{""player"":6259,""to"":{""id"":5684093,""name"":""CD Cornisa Azul"",""icon"":""icons/42.png""},""amount"":3654000}"
230,1,market,1765865111,2025-12-16T06:05:11+00:00,False,,,,24576,3495000,,,5684093,CD Cornisa Azul,"{""player"":24576,""to"":{""id"":5684093,""name"":""CD Cornisa Azul"",""icon"":""icons/42.png""},""amount"":3495000}"
231,0,market,1765778872,2025-12-15T06:07:52+00:00,False,,,,34527,6100020,,,8128710,Los vengadores,"{""player"":34527,""to"":{""id"":8128710,""name"":""Los vengadores"",""icon"":""icons/11.png""},""amount"":6100020,""bids"":[{""user"":{""id"":11678835,""name"":""Julia"",""icon"":""https://graph.facebook.com/10218096465979952/picture?height=300&width=300""},""amount"":5700000}]}"
231,1,market,1765778872,2025-12-15T06:07:52+00:00,False,,,,17344,1236000,,,8128710,Los vengadores,"{""player"":17344,""to"":{""id"":8128710,""name"":""Los vengadores"",""icon"":""icons/11.png""},""amount"":1236000}"
232,0,market,1765606065,2025-12-13T06:07:45+00:00,False,,,,37473,4350000,,,8128710,Los vengadores,"{""player"":37473,""to"":{""id"":8128710,""name"":""Los vengadores"",""icon"":""icons/11.png""},""amount"":4350000,""bids"":[{""user"":{""id"":5684093,""name"":""CD Cornisa Azul"",""icon"":""icons/42.png""},""amount"":4321652}]}"
232,1,market,1765606065,2025-12-13T06:07:45+00:00,False,,,,5807,1765000,,,5684093,CD Cornisa Azul,"{""player"":5807,""to"":{""id"":5684093,""name"":""CD Cornisa Azul"",""icon"":""icons/42.png""},""amount"":1765000}"
233,0,transfer,1765529083,2025-12-12T08:44:43+00:00,False,,,,24474,1821300,10089858,Karlox F.C.,,,"{""player"":24474,""from"":{""id"":10089858,""name"":""Karlox F.C."",""icon"":""icons/7.png""},""amount"":1821300}"
234,0,market,1765519640,2025-12-12T06:07:20+00:00,False,,,,897,3830000,,,8128710,Los vengadores,"{""player"":897,""to"":{""id"":8128710,""name"":""Los vengadores"",""icon"":""icons/11.png""},""amount"":3830000}"
234,1,market,1765519640,2025-12-12T06:07:20+00:00,False,,,,15719,3670000,,,8128710,Los vengadores,"{""player"":15719,""to"":{""id"":8128710,""name"":""Los vengadores"",""icon"":""icons/11.png""},""amount"":3670000}"
235,0,transfer,1765494869,2025-12-11T23:14:29+00:00,False,,,,38958,5213300,8128710,Los vengadores,,,"{""player"":38958,""from"":{""id"":8128710,""name"":""Los vengadores"",""icon"":""icons/11.png""},""amount"":5213300}"
236,0,transfer,1765438047,2025-12-11T07:27:27+00:00,False,,,,26068,3466900,6822272,Ricardo J,,,"{""player"":26068,""from"":{""id"":6822272,""name"":""Ricardo J""},""amount"":3466900}"
236,1,transfer,1765438047,2025-12-11T07:27:27+00:00,False,,,,11045,1207800,6822272,Ricardo J,,,"{""player"":11045,""from"":{""id"":6822272,""name"":""Ricardo J""},""amount"":1207800}"
236,2,transfer,1765438047,2025-12-11T07:27:27+00:00,False,,,,1721,1377100,6822272,Ricardo J,,,"{""player"":1721,""from"":{""id"":6822272,""name"":""Ricardo J""},""amount"":1377100}"
237,0,market,1765433206,2025-12-11T06:06:46+00:00,False,,,,35344,7111111,,,10089858,Karlox F.C.,"{""player"":35344,""to"":{""id"":10089858,""name"":""Karlox F.C."",""icon"":""icons/7.png""},""amount"":7111111,""bids"":[{""user"":{""id"":8128710,""name"":""Los vengadores"",""icon"":""icons/11.png""},""amount"":6680000},{""user"":{""id"":5684093,""name"":""CD Cornisa Azul"",""icon"":""icons/42.png""},""amount"":6324584}]}"
237,1,market,1765433206,2025-12-11T06:06:46+00:00,False,,,,38847,2200000,,,8127478,Arregui,"{""player"":38847,""to"":{""id"":8127478,""name"":""Arregui"",""icon"":""https://lh3.googleusercontent.com/a/AItbvmlJOQCrYJFKsWPDYSjpqt1A7kAZJUhj-ZkmC-6Q=s300-c""},""amount"":2200000}"
237,2,market,1765433206,2025-12-11T06:06:46+00:00,False,,,,1971,465214,,,5684093,CD Cornisa Azul,"{""player"":1971,""to"":{""id"":5684093,""name"":""CD Cornisa Azul"",""icon"":""icons/42.png""},""amount"":465214,""bids"":[{""user"":{""id"":8128710,""name"":""Los vengadores"",""icon"":""icons/11.png""},""amount"":248000}]}"
238,0,transfer,1765392025,2025-12-10T18:40:25+00:00,False,,,,1523,3558100,6822272,Ricardo J,,,"{""player"":1523,""from"":{""id"":6822272,""name"":""Ricardo J""},""amount"":3558100}"
239,0,transfer,1765370087,2025-12-10T12:34:47+00:00,False,,,,1908,1756800,8128710,Los vengadores,,,"{""player"":1908,""from"":{""id"":8128710,""name"":""Los vengadores"",""icon"":""icons/11.png""},""amount"":1756800}"
239,1,transfer,1765370087,2025-12-10T12:34:47+00:00,False,,,,33971,2079900,8128710,Los vengadores,,,"{""player"":33971,""from"":{""id"":8128710,""name"":""Los vengadores"",""icon"":""icons/11.png""},""amount"":2079900}"
240,0,transfer,1765363909,2025-12-10T10:51:49+00:00,False,,,,27960,2577600,8127478,Arregui,,,"{""player"":27960,""from"":{""id"":8127478,""name"":""Arregui"",""icon"":""https://lh3.googleusercontent.com/a/AItbvmlJOQCrYJFKsWPDYSjpqt1A7kAZJUhj-ZkmC-6Q=s300-c""},""amount"":2577600}"
241,0,transfer,1765354198,2025-12-10T08:09:58+00:00,False,,,,31707,7225700,10089858,Karlox F.C.,,,"{""player"":31707,""from"":{""id"":10089858,""name"":""Karlox F.C."",""icon"":""icons/7.png""},""amount"":7225700}"
242,0,transfer,1765349972,2025-12-10T06:59:32+00:00,False,,,,1613,4258000,5684093,CD Cornisa Azul,,,"{""player"":1613,""from"":{""id"":5684093,""name"":""CD Cornisa Azul"",""icon"":""icons/42.png""},""amount"":4258000}"
242,1,transfer,1765349972,2025-12-10T06:59:32+00:00,False,,,,9763,257300,5684093,CD Cornisa Azul,,,"{""player"":9763,""from"":{""id"":5684093,""name"":""CD Cornisa Azul"",""icon"":""icons/42.png""},""amount"":257300}"
242,2,transfer,1765349972,2025-12-10T06:59:32+00:00,False,,,,35606,186100,5684093,CD Cornisa Azul,,,"{""player"":35606,""from"":{""id"":5684093,""name"":""CD Cornisa Azul"",""icon"":""icons/42.png""},""amount"":186100}"
243,0,market,1765346955,2025-12-10T06:09:15+00:00,False,,,,32460,3290000,,,6822272,Ricardo J,"{""player"":32460,""to"":{""id"":6822272,""name"":""Ricardo J""},""amount"":3290000,""bids"":[{""user"":{""id"":10089858,""name"":""Karlox F.C."",""icon"":""icons/7.png""},""amount"":2111111},{""user"":{""id"":6826480,""name"":""Víctor Orta"",""icon"":""i/u/6826480.png""},""amount"":2050000}]}"
244,0,market,1765260532,2025-12-09T06:08:52+00:00,False,,,,10040,5360000,,,8128710,Los vengadores,"{""player"":10040,""to"":{""id"":8128710,""name"":""Los vengadores"",""icon"":""icons/11.png""},""amount"":5360000,""bids"":[{""user"":{""id"":6822272,""name"":""Ricardo J""},""amount"":5100000},{""user"":{""id"":11678835,""name"":""Julia"",""icon"":""https://graph.facebook.com/10218096465979952/picture?height=300&width=300""},""amount"":4880000}]}"
244,1,market,1765260532,2025-12-09T06:08:52+00:00,False,,,,1523,3625700,,,6822272,Ricardo J,"{""player"":1523,""to"":{""id"":6822272,""name"":""Ricardo J""},""amount"":3625700}"
245,0,transfer,1765232744,2025-12-08T22:25:44+00:00,False,,,,24979,476700,8128710,Los vengadores,,,"{""player"":24979,""from"":{""id"":8128710,""name"":""Los vengadores"",""icon"":""icons/11.png""},""amount"":476700}"
246,0,market,1765174085,2025-12-08T06:08:05+00:00,False,,,,9402,11680000,,,6822272,Ricardo J,"{""player"":9402,""to"":{""id"":6822272,""name"":""Ricardo J""},""amount"":11680000,""bids"":[{""user"":{""id"":8128710,""name"":""Los vengadores"",""icon"":""icons/11.png""},""amount"":11670000},{""user"":{""id"":10089858,""name"":""Karlox F.C."",""icon"":""icons/7.png""},""amount"":11310010}]}"
247,0,market,1765087635,2025-12-07T06:07:15+00:00,False,,,,26095,2560000,,,6822272,Ricardo J,"{""player"":26095,""to"":{""id"":6822272,""name"":""Ricardo J""},""amount"":2560000,""bids"":[{""user"":{""id"":8128710,""name"":""Los vengadores"",""icon"":""icons/11.png""},""amount"":2340000},{""user"":{""id"":10089858,""name"":""Karlox F.C."",""icon"":""icons/7.png""},""amount"":2333333}]}"
247,1,market,1765087635,2025-12-07T06:07:15+00:00,False,,,,34111,4370000,,,6822272,Ricardo J,"{""player"":34111,""to"":{""id"":6822272,""name"":""Ricardo J""},""amount"":4370000,""bids"":[{""user"":{""id"":8128710,""name"":""Los vengadores"",""icon"":""icons/11.png""},""amount"":3880000}]}"
248,0,transfer,1765018334,2025-12-06T10:52:14+00:00,False,,,,23403,4260200,8127478,Arregui,,,"{""player"":23403,""from"":{""id"":8127478,""name"":""Arregui"",""icon"":""https://lh3.googleusercontent.com/a/AItbvmlJOQCrYJFKsWPDYSjpqt1A7kAZJUhj-ZkmC-6Q=s300-c""},""amount"":4260200}"
249,0,transfer,1765010583,2025-12-06T08:43:03+00:00,False,,,,1876,2328500,6822272,Ricardo J,,,"{""player"":1876,""from"":{""id"":6822272,""name"":""Ricardo J""},""amount"":2328500}"
249,1,transfer,1765010583,2025-12-06T08:43:03+00:00,False,,,,15471,1822300,6822272,Ricardo J,,,"{""player"":15471,""from"":{""id"":6822272,""name"":""Ricardo J""},""amount"":1822300}"
250,0,market,1764914666,2025-12-05T06:04:26+00:00,False,,,,27591,4080000,,,10089858,Karlox F.C.,"{""player"":27591,""to"":{""id"":10089858,""name"":""Karlox F.C."",""icon"":""icons/7.png""},""amount"":4080000,""bids"":[{""user"":{""id"":6826480,""name"":""Víctor Orta"",""icon"":""i/u/6826480.png""},""amount"":3930000},{""user"":{""id"":8128710,""name"":""Los vengadores"",""icon"":""icons/11.png""},""amount"":3760000}]}"
250,1,market,1764914666,2025-12-05T06:04:26+00:00,False,,,,37724,2100000,,,6826480,Víctor Orta,"{""player"":37724,""to"":{""id"":6826480,""name"":""Víctor Orta"",""icon"":""i/u/6826480.png""},""amount"":2100000}"
250,2,market,1764914666,2025-12-05T06:04:26+00:00,False,,,,18945,6750000,,,8127478,Arregui,"{""player"":18945,""to"":{""id"":8127478,""name"":""Arregui"",""icon"":""https://lh3.googleusercontent.com/a/AItbvmlJOQCrYJFKsWPDYSjpqt1A7kAZJUhj-ZkmC-6Q=s300-c""},""amount"":6750000,""bids"":[{""user"":{""id"":6826480,""name"":""Víctor Orta"",""icon"":""i/u/6826480.png""},""amount"":6620000},{""user"":{""id"":6822272,""name"":""Ricardo J""},""amount"":5820005}]}"
251,0,transfer,1764831924,2025-12-04T07:05:24+00:00,False,,,,1676,4582700,6822272,Ricardo J,,,"{""player"":1676,""from"":{""id"":6822272,""name"":""Ricardo J""},""amount"":4582700}"
252,0,market,1764828394,2025-12-04T06:06:34+00:00,False,,,,1908,1676000,,,8128710,Los vengadores,"{""player"":1908,""to"":{""id"":8128710,""name"":""Los vengadores"",""icon"":""icons/11.png""},""amount"":1676000,""bids"":[{""user"":{""id"":6822272,""name"":""Ricardo J""},""amount"":1670000}]}"
252,1,market,1764828394,2025-12-04T06:06:34+00:00,False,,,,19614,2880000,,,8128710,Los vengadores,"{""player"":19614,""to"":{""id"":8128710,""name"":""Los vengadores"",""icon"":""icons/11.png""},""amount"":2880000}"
252,2,market,1764828394,2025-12-04T06:06:34+00:00,False,,,,1683,1790000,,,8128710,Los vengadores,"{""player"":1683,""to"":{""id"":8128710,""name"":""Los vengadores"",""icon"":""icons/11.png""},""amount"":1790000}"
253,0,transfer,1764754896,2025-12-03T09:41:36+00:00,False,,,,38390,706200,8128710,Los vengadores,,,"{""player"":38390,""from"":{""id"":8128710,""name"":""Los vengadores"",""icon"":""icons/11.png""},""amount"":706200}"
253,1,transfer,1764754896,2025-12-03T09:41:36+00:00,False,,,,38493,3306500,8128710,Los vengadores,,,"{""player"":38493,""from"":{""id"":8128710,""name"":""Los vengadores"",""icon"":""icons/11.png""},""amount"":3306500}"
253,2,transfer,1764754896,2025-12-03T09:41:36+00:00,False,,,,26813,1052300,8128710,Los vengadores,,,"{""player"":26813,""from"":{""id"":8128710,""name"":""Los vengadores"",""icon"":""icons/11.png""},""amount"":1052300}"
254,0,transfer,1764744403,2025-12-03T06:46:43+00:00,False,,,,26678,817200,8127478,Arregui,,,"{""player"":26678,""from"":{""id"":8127478,""name"":""Arregui"",""icon"":""https://lh3.googleusercontent.com/a/AItbvmlJOQCrYJFKsWPDYSjpqt1A7kAZJUhj-ZkmC-6Q=s300-c""},""amount"":817200}"
255,0,market,1764741950,2025-12-03T06:05:50+00:00,False,,,,2635,1510000,,,8127478,Arregui,"{""player"":2635,""to"":{""id"":8127478,""name"":""Arregui"",""icon"":""https://lh3.googleusercontent.com/a/AItbvmlJOQCrYJFKsWPDYSjpqt1A7kAZJUhj-ZkmC-6Q=s300-c""},""amount"":1510000,""bids"":[{""user"":{""id"":11678835,""name"":""Julia"",""icon"":""https://graph.facebook.com/10218096465979952/picture?height=300&width=300""},""amount"":1400000},{""user"":{""id"":10089858,""name"":""Karlox F.C."",""icon"":""icons/7.png""},""amount"":1200000}]}"
255,1,market,1764741950,2025-12-03T06:05:50+00:00,False,,,,30210,3480000,,,11678835,Julia,"{""player"":30210,""to"":{""id"":11678835,""name"":""Julia"",""icon"":""https://graph.facebook.com/10218096465979952/picture?height=300&width=300""},""amount"":3480000}"
256,0,transfer,1764684370,2025-12-02T14:06:10+00:00,False,,,,38073,335000,5684093,CD Cornisa Azul,,,"{""player"":38073,""from"":{""id"":5684093,""name"":""CD Cornisa Azul"",""icon"":""icons/42.png""},""amount"":335000}"
256,1,transfer,1764684370,2025-12-02T14:06:10+00:00,False,,,,28087,3330500,5684093,CD Cornisa Azul,,,"{""player"":28087,""from"":{""id"":5684093,""name"":""CD Cornisa Azul"",""icon"":""icons/42.png""},""amount"":3330500}"
256,2,transfer,1764684370,2025-12-02T14:06:10+00:00,False,,,,38308,1582800,5684093,CD Cornisa Azul,,,"{""player"":38308,""from"":{""id"":5684093,""name"":""CD Cornisa Azul"",""icon"":""icons/42.png""},""amount"":1582800}"
257,0,transfer,1764668991,2025-12-02T09:49:51+00:00,False,,,,17937,3397800,8127478,Arregui,,,"{""player"":17937,""from"":{""id"":8127478,""name"":""Arregui"",""icon"":""https://lh3.googleusercontent.com/a/AItbvmlJOQCrYJFKsWPDYSjpqt1A7kAZJUhj-ZkmC-6Q=s300-c""},""amount"":3397800}"
258,0,transfer,1764574413,2025-12-01T07:33:33+00:00,False,,,,37499,3709500,6822272,Ricardo J,,,"{""player"":37499,""from"":{""id"":6822272,""name"":""Ricardo J""},""amount"":3709500}"
259,0,transfer,1764571787,2025-12-01T06:49:47+00:00,False,,,,31043,1692000,11678835,Julia,,,"{""player"":31043,""from"":{""id"":11678835,""name"":""Julia"",""icon"":""https://graph.facebook.com/10218096465979952/picture?height=300&width=300""},""amount"":1692000}"
259,1,transfer,1764571787,2025-12-01T06:49:47+00:00,False,,,,18916,1064900,11678835,Julia,,,"{""player"":18916,""from"":{""id"":11678835,""name"":""Julia"",""icon"":""https://graph.facebook.com/10218096465979952/picture?height=300&width=300""},""amount"":1064900}"
260,0,market,1764569211,2025-12-01T06:06:51+00:00,False,,,,12221,2170000,,,11678835,Julia,"{""player"":12221,""to"":{""id"":11678835,""name"":""Julia"",""icon"":""https://graph.facebook.com/10218096465979952/picture?height=300&width=300""},""amount"":2170000}"
260,1,market,1764569211,2025-12-01T06:06:51+00:00,False,,,,31321,1010000,,,11678835,Julia,"{""player"":31321,""to"":{""id"":11678835,""name"":""Julia"",""icon"":""https://graph.facebook.com/10218096465979952/picture?height=300&width=300""},""amount"":1010000}"
260,2,market,1764569211,2025-12-01T06:06:51+00:00,False,,,,2001,7590000,,,6822272,Ricardo J,"{""player"":2001,""to"":{""id"":6822272,""name"":""Ricardo J""},""amount"":7590000}"
261,0,transfer,1764497016,2025-11-30T10:03:36+00:00,False,,,,91,5339700,6822272,Ricardo J,,,"{""player"":91,""from"":{""id"":6822272,""name"":""Ricardo J""},""amount"":5339700}"
261,1,transfer,1764497016,2025-11-30T10:03:36+00:00,False,,,,30210,3377600,8127478,Arregui,,,"{""player"":30210,""from"":{""id"":8127478,""name"":""Arregui"",""icon"":""https://lh3.googleusercontent.com/a/AItbvmlJOQCrYJFKsWPDYSjpqt1A7kAZJUhj-ZkmC-6Q=s300-c""},""amount"":3377600}"
262,0,market,1764482759,2025-11-30T06:05:59+00:00,False,,,,1969,1490000,,,6826480,Víctor Orta,"{""player"":1969,""to"":{""id"":6826480,""name"":""Víctor Orta"",""icon"":""i/u/6826480.png""},""amount"":1490000}"
263,0,transfer,1764406624,2025-11-29T08:57:04+00:00,False,,,,2603,10957400,6822272,Ricardo J,,,"{""player"":2603,""from"":{""id"":6822272,""name"":""Ricardo J""},""amount"":10957400}"
264,0,market,1764396484,2025-11-29T06:08:04+00:00,False,,,,26048,6500010,,,8127478,Arregui,"{""player"":26048,""to"":{""id"":8127478,""name"":""Arregui"",""icon"":""https://lh3.googleusercontent.com/a/AItbvmlJOQCrYJFKsWPDYSjpqt1A7kAZJUhj-ZkmC-6Q=s300-c""},""amount"":6500010,""bids"":[{""user"":{""id"":10089858,""name"":""Karlox F.C."",""icon"":""icons/7.png""},""amount"":5888888},{""user"":{""id"":6822272,""name"":""Ricardo J""},""amount"":5810000}]}"
264,1,market,1764396484,2025-11-29T06:08:04+00:00,False,,,,12526,9301000,,,8127478,Arregui,"{""player"":12526,""to"":{""id"":8127478,""name"":""Arregui"",""icon"":""https://lh3.googleusercontent.com/a/AItbvmlJOQCrYJFKsWPDYSjpqt1A7kAZJUhj-ZkmC-6Q=s300-c""},""amount"":9301000,""bids"":[{""user"":{""id"":6822272,""name"":""Ricardo J""},""amount"":8960000},{""user"":{""id"":10089858,""name"":""Karlox F.C."",""icon"":""icons/7.png""},""amount"":8555555}]}"
264,2,market,1764396484,2025-11-29T06:08:04+00:00,False,,,,21008,9610000,,,6822272,Ricardo J,"{""player"":21008,""to"":{""id"":6822272,""name"":""Ricardo J""},""amount"":9610000}"
264,3,market,1764396484,2025-11-29T06:08:04+00:00,False,,,,15471,1228000,,,6822272,Ricardo J,"{""player"":15471,""to"":{""id"":6822272,""name"":""Ricardo J""},""amount"":1228000}"
265,0,transfer,1764321900,2025-11-28T09:25:00+00:00,False,,,,38194,2764300,6826480,Víctor Orta,,,"{""player"":38194,""from"":{""id"":6826480,""name"":""Víctor Orta"",""icon"":""i/u/6826480.png""},""amount"":2764300}"
265,1,transfer,1764321900,2025-11-28T09:25:00+00:00,False,,,,37456,1113800,6826480,Víctor Orta,,,"{""player"":37456,""from"":{""id"":6826480,""name"":""Víctor Orta"",""icon"":""i/u/6826480.png""},""amount"":1113800}"
265,2,transfer,1764321900,2025-11-28T09:25:00+00:00,False,,,,38423,162400,6826480,Víctor Orta,,,"{""player"":38423,""from"":{""id"":6826480,""name"":""Víctor Orta"",""icon"":""i/u/6826480.png""},""amount"":162400}"
266,0,market,1764310013,2025-11-28T06:06:53+00:00,False,,,,38964,2700000,,,6826480,Víctor Orta,"{""player"":38964,""to"":{""id"":6826480,""name"":""Víctor Orta"",""icon"":""i/u/6826480.png""},""amount"":2700000}"
266,1,market,1764310013,2025-11-28T06:06:53+00:00,False,,,,3259,228888,,,10089858,Karlox F.C.,"{""player"":3259,""to"":{""id"":10089858,""name"":""Karlox F.C."",""icon"":""icons/7.png""},""amount"":228888}"
267,0,transfer,1764230956,2025-11-27T08:09:16+00:00,False,,,,35344,5623000,8127478,Arregui,,,"{""player"":35344,""from"":{""id"":8127478,""name"":""Arregui"",""icon"":""https://lh3.googleusercontent.com/a/AItbvmlJOQCrYJFKsWPDYSjpqt1A7kAZJUhj-ZkmC-6Q=s300-c""},""amount"":5623000}"
268,0,market,1764223524,2025-11-27T06:05:24+00:00,False,,,,257,7080000,,,8128710,Los vengadores,"{""player"":257,""to"":{""id"":8128710,""name"":""Los vengadores"",""icon"":""icons/11.png""},""amount"":7080000}"
268,1,market,1764223524,2025-11-27T06:05:24+00:00,False,,,,37499,3585000,,,6822272,Ricardo J,"{""player"":37499,""to"":{""id"":6822272,""name"":""Ricardo J""},""amount"":3585000}"
269,0,transfer,1764199096,2025-11-26T23:18:16+00:00,False,,,,38405,3041300,8128710,Los vengadores,,,"{""player"":38405,""from"":{""id"":8128710,""name"":""Los vengadores"",""icon"":""icons/11.png""},""amount"":3041300}"
270,0,market,1764137318,2025-11-26T06:08:38+00:00,False,,,,38390,762000,,,8128710,Los vengadores,"{""player"":38390,""to"":{""id"":8128710,""name"":""Los vengadores"",""icon"":""icons/11.png""},""amount"":762000,""bids"":[{""user"":{""id"":8127478,""name"":""Arregui"",""icon"":""https://lh3.googleusercontent.com/a/AItbvmlJOQCrYJFKsWPDYSjpqt1A7kAZJUhj-ZkmC-6Q=s300-c""},""amount"":760000}]}"
270,1,market,1764137318,2025-11-26T06:08:38+00:00,False,,,,24979,471000,,,8128710,Los vengadores,"{""player"":24979,""to"":{""id"":8128710,""name"":""Los vengadores"",""icon"":""icons/11.png""},""amount"":471000}"
270,2,market,1764137318,2025-11-26T06:08:38+00:00,False,,,,26813,768000,,,8128710,Los vengadores,"{""player"":26813,""to"":{""id"":8128710,""name"":""Los vengadores"",""icon"":""icons/11.png""},""amount"":768000}"
271,0,transfer,1764062231,2025-11-25T09:17:11+00:00,False,,,,37453,490300,8127478,Arregui,,,"{""player"":37453,""from"":{""id"":8127478,""name"":""Arregui"",""icon"":""https://lh3.googleusercontent.com/a/AItbvmlJOQCrYJFKsWPDYSjpqt1A7kAZJUhj-ZkmC-6Q=s300-c""},""amount"":490300}"
272,0,market,1764050976,2025-11-25T06:09:36+00:00,False,,,,2253,2660000,,,6822272,Ricardo J,"{""player"":2253,""to"":{""id"":6822272,""name"":""Ricardo J""},""amount"":2660000,""bids"":[{""user"":{""id"":8128710,""name"":""Los vengadores"",""icon"":""icons/11.png""},""amount"":2260000}]}"
272,1,market,1764050976,2025-11-25T06:09:36+00:00,False,,,,91,5365000,,,6822272,Ricardo J,"{""player"":91,""to"":{""id"":6822272,""name"":""Ricardo J""},""amount"":5365000}"
272,2,market,1764050976,2025-11-25T06:09:36+00:00,False,,,,26068,2580000,,,6822272,Ricardo J,"{""player"":26068,""to"":{""id"":6822272,""name"":""Ricardo J""},""amount"":2580000,""bids"":[{""user"":{""id"":8128710,""name"":""Los vengadores"",""icon"":""icons/11.png""},""amount"":2380000},{""user"":{""id"":8127478,""name"":""Arregui"",""icon"":""https://lh3.googleusercontent.com/a/AItbvmlJOQCrYJFKsWPDYSjpqt1A7kAZJUhj-ZkmC-6Q=s300-c""},""amount"":2350000}]}"
272,3,market,1764050976,2025-11-25T06:09:36+00:00,False,,,,20969,3100000,,,6822272,Ricardo J,"{""player"":20969,""to"":{""id"":6822272,""name"":""Ricardo J""},""amount"":3100000}"
273,0,transfer,1763975262,2025-11-24T09:07:42+00:00,False,,,,9887,2698400,8128710,Los vengadores,,,"{""player"":9887,""from"":{""id"":8128710,""name"":""Los vengadores"",""icon"":""icons/11.png""},""amount"":2698400}"
273,1,transfer,1763975262,2025-11-24T09:07:42+00:00,False,,,,29631,2538400,8128710,Los vengadores,,,"{""player"":29631,""from"":{""id"":8128710,""name"":""Los vengadores"",""icon"":""icons/11.png""},""amount"":2538400}"
273,2,transfer,1763975262,2025-11-24T09:07:42+00:00,False,,,,31018,3735200,8128710,Los vengadores,,,"{""player"":31018,""from"":{""id"":8128710,""name"":""Los vengadores"",""icon"":""icons/11.png""},""amount"":3735200}"
274,0,transfer,1763964629,2025-11-24T06:10:29+00:00,False,,,,35770,15693800,6822272,Ricardo J,,,"{""player"":35770,""from"":{""id"":6822272,""name"":""Ricardo J""},""amount"":15693800}"
275,0,market,1763964475,2025-11-24T06:07:55+00:00,False,,,,10745,2742000,,,5684093,CD Cornisa Azul,"{""player"":10745,""to"":{""id"":5684093,""name"":""CD Cornisa Azul"",""icon"":""icons/42.png""},""amount"":2742000,""bids"":[{""user"":{""id"":6822272,""name"":""Ricardo J""},""amount"":2610000}]}"
276,0,market,1763877931,2025-11-23T06:05:31+00:00,False,,,,38405,3042000,,,8128710,Los vengadores,"{""player"":38405,""to"":{""id"":8128710,""name"":""Los vengadores"",""icon"":""icons/11.png""},""amount"":3042000}"
276,1,market,1763877931,2025-11-23T06:05:31+00:00,False,,,,34077,788888,,,10089858,Karlox F.C.,"{""player"":34077,""to"":{""id"":10089858,""name"":""Karlox F.C."",""icon"":""icons/7.png""},""amount"":788888}"
277,0,transfer,1763750458,2025-11-21T18:40:58+00:00,False,,,,32440,1985000,6826480,Víctor Orta,,,"{""player"":32440,""from"":{""id"":6826480,""name"":""Víctor Orta"",""icon"":""i/u/6826480.png""},""amount"":1985000,""type"":""immediateSale""}"
277,1,transfer,1763750458,2025-11-21T18:40:58+00:00,False,,,,32629,1205000,6826480,Víctor Orta,,,"{""player"":32629,""from"":{""id"":6826480,""name"":""Víctor Orta"",""icon"":""i/u/6826480.png""},""amount"":1205000,""type"":""immediateSale""}"
278,0,transfer,1763717497,2025-11-21T09:31:37+00:00,False,,,,38405,3211600,8127478,Arregui,,,"{""player"":38405,""from"":{""id"":8127478,""name"":""Arregui"",""icon"":""https://lh3.googleusercontent.com/a/AItbvmlJOQCrYJFKsWPDYSjpqt1A7kAZJUhj-ZkmC-6Q=s300-c""},""amount"":3211600}"
279,0,market,1763705123,2025-11-21T06:05:23+00:00,False,,,,21068,3750000,,,6826480,Víctor Orta,"{""player"":21068,""to"":{""id"":6826480,""name"":""Víctor Orta"",""icon"":""i/u/6826480.png""},""amount"":3750000}"
279,1,market,1763705123,2025-11-21T06:05:23+00:00,False,,,,35156,511111,,,10089858,Karlox F.C.,"{""player"":35156,""to"":{""id"":10089858,""name"":""Karlox F.C."",""icon"":""icons/7.png""},""amount"":511111}"
279,2,market,1763705123,2025-11-21T06:05:23+00:00,False,,,,12494,3140000,,,8127478,Arregui,"{""player"":12494,""to"":{""id"":8127478,""name"":""Arregui"",""icon"":""https://lh3.googleusercontent.com/a/AItbvmlJOQCrYJFKsWPDYSjpqt1A7kAZJUhj-ZkmC-6Q=s300-c""},""amount"":3140000}"
280,0,transfer,1763677660,2025-11-20T22:27:40+00:00,False,,,,11610,4377900,8128710,Los vengadores,,,"{""player"":11610,""from"":{""id"":8128710,""name"":""Los vengadores"",""icon"":""icons/11.png""},""amount"":4377900}"
280,1,transfer,1763677660,2025-11-20T22:27:40+00:00,False,,,,38075,2983700,8128710,Los vengadores,,,"{""player"":38075,""from"":{""id"":8128710,""name"":""Los vengadores"",""icon"":""icons/11.png""},""amount"":2983700}"
280,2,transfer,1763677660,2025-11-20T22:27:40+00:00,False,,,,25396,1216100,8128710,Los vengadores,,,"{""player"":25396,""from"":{""id"":8128710,""name"":""Los vengadores"",""icon"":""icons/11.png""},""amount"":1216100}"
281,0,transfer,1763625615,2025-11-20T08:00:15+00:00,False,,,,2600,9307300,6822272,Ricardo J,,,"{""player"":2600,""from"":{""id"":6822272,""name"":""Ricardo J""},""amount"":9307300}"
282,0,market,1763618859,2025-11-20T06:07:39+00:00,False,,,,17731,2840000,,,6822272,Ricardo J,"{""player"":17731,""to"":{""id"":6822272,""name"":""Ricardo J""},""amount"":2840000}"
283,0,market,1763532405,2025-11-19T06:06:45+00:00,False,,,,34541,1100000,,,6822272,Ricardo J,"{""player"":34541,""to"":{""id"":6822272,""name"":""Ricardo J""},""amount"":1100000,""bids"":[{""user"":{""id"":8128710,""name"":""Los vengadores"",""icon"":""icons/11.png""},""amount"":896000}]}"
284,0,transfer,1763450597,2025-11-18T07:23:17+00:00,False,,,,12403,2617300,6822272,Ricardo J,,,"{""player"":12403,""from"":{""id"":6822272,""name"":""Ricardo J""},""amount"":2617300}"
284,1,transfer,1763450597,2025-11-18T07:23:17+00:00,False,,,,1083,5123000,6822272,Ricardo J,,,"{""player"":1083,""from"":{""id"":6822272,""name"":""Ricardo J""},""amount"":5123000}"
285,0,market,1763445941,2025-11-18T06:05:41+00:00,False,,,,2603,11840000,,,6822272,Ricardo J,"{""player"":2603,""to"":{""id"":6822272,""name"":""Ricardo J""},""amount"":11840000}"
286,0,transfer,1763361493,2025-11-17T06:38:13+00:00,False,,,,12526,8526500,10089858,Karlox F.C.,,,"{""player"":12526,""from"":{""id"":10089858,""name"":""Karlox F.C."",""icon"":""icons/7.png""},""amount"":8526500}"
287,0,market,1763359789,2025-11-17T06:09:49+00:00,False,,,,20,7222222,,,10089858,Karlox F.C.,"{""player"":20,""to"":{""id"":10089858,""name"":""Karlox F.C."",""icon"":""icons/7.png""},""amount"":7222222,""bids"":[{""user"":{""id"":6822272,""name"":""Ricardo J""},""amount"":6410000}]}"
288,0,market,1763273314,2025-11-16T06:08:34+00:00,False,,,,29631,2380000,,,8128710,Los vengadores,"{""player"":29631,""to"":{""id"":8128710,""name"":""Los vengadores"",""icon"":""icons/11.png""},""amount"":2380000,""bids"":[{""user"":{""id"":6822272,""name"":""Ricardo J""},""amount"":2365000}]}"
288,1,market,1763273314,2025-11-16T06:08:34+00:00,False,,,,11610,4160000,,,8128710,Los vengadores,"{""player"":11610,""to"":{""id"":8128710,""name"":""Los vengadores"",""icon"":""icons/11.png""},""amount"":4160000}"
288,2,market,1763273314,2025-11-16T06:08:34+00:00,False,,,,11045,900000,,,6822272,Ricardo J,"{""player"":11045,""to"":{""id"":6822272,""name"":""Ricardo J""},""amount"":900000}"
289,0,transfer,1763247799,2025-11-15T23:03:19+00:00,False,,,,25384,3060500,6822272,Ricardo J,,,"{""player"":25384,""from"":{""id"":6822272,""name"":""Ricardo J""},""amount"":3060500}"
290,0,transfer,1763110231,2025-11-14T08:50:31+00:00,False,,,,897,2660200,8128710,Los vengadores,,,"{""player"":897,""from"":{""id"":8128710,""name"":""Los vengadores"",""icon"":""icons/11.png""},""amount"":2660200}"
290,1,transfer,1763110231,2025-11-14T08:50:31+00:00,False,,,,18174,10618800,8128710,Los vengadores,,,"{""player"":18174,""from"":{""id"":8128710,""name"":""Los vengadores"",""icon"":""icons/11.png""},""amount"":10618800}"
291,0,market,1763100464,2025-11-14T06:07:44+00:00,False,,,,30487,1770000,,,8127478,Arregui,"{""player"":30487,""to"":{""id"":8127478,""name"":""Arregui"",""icon"":""https://lh3.googleusercontent.com/a/AItbvmlJOQCrYJFKsWPDYSjpqt1A7kAZJUhj-ZkmC-6Q=s300-c""},""amount"":1770000,""bids"":[{""user"":{""id"":6822272,""name"":""Ricardo J""},""amount"":1710000}]}"
292,0,market,1763020862,2025-11-13T08:01:02+00:00,False,,,,1927,8780000,,,8128710,Los vengadores,"{""player"":1927,""to"":{""id"":8128710,""name"":""Los vengadores"",""icon"":""icons/11.png""},""amount"":8780000,""bids"":[{""user"":{""id"":6822272,""name"":""Ricardo J""},""amount"":8256000},{""user"":{""id"":5684093,""name"":""CD Cornisa Azul"",""icon"":""icons/42.png""},""amount"":7364218}]}"
292,1,market,1763020862,2025-11-13T08:01:02+00:00,False,,,,2169,3300000,,,6826480,Víctor Orta,"{""player"":2169,""to"":{""id"":6826480,""name"":""Víctor Orta"",""icon"":""i/u/6826480.png""},""amount"":3300000,""bids"":[{""user"":{""id"":6822272,""name"":""Ricardo J""},""amount"":3120000},{""user"":{""id"":8128710,""name"":""Los vengadores"",""icon"":""icons/11.png""},""amount"":3050000}]}"
292,2,market,1763020862,2025-11-13T08:01:02+00:00,False,,,,2600,9060000,,,6822272,Ricardo J,"{""player"":2600,""to"":{""id"":6822272,""name"":""Ricardo J""},""amount"":9060000,""bids"":[{""user"":{""id"":8128710,""name"":""Los vengadores"",""icon"":""icons/11.png""},""amount"":8610000},{""user"":{""id"":10089858,""name"":""Karlox F.C."",""icon"":""icons/7.png""},""amount"":8600089}]}"
292,3,market,1763020862,2025-11-13T08:01:02+00:00,False,,,,12403,2770000,,,6822272,Ricardo J,"{""player"":12403,""to"":{""id"":6822272,""name"":""Ricardo J""},""amount"":2770000}"
293,0,transfer,1762964251,2025-11-12T16:17:31+00:00,False,,,,22964,4296500,6822272,Ricardo J,,,"{""player"":22964,""from"":{""id"":6822272,""name"":""Ricardo J""},""amount"":4296500}"
294,0,transfer,1762932444,2025-11-12T07:27:24+00:00,False,,,,38189,408800,10089858,Karlox F.C.,,,"{""player"":38189,""from"":{""id"":10089858,""name"":""Karlox F.C."",""icon"":""icons/7.png""},""amount"":408800}"
295,0,transfer,1762927961,2025-11-12T06:12:41+00:00,False,,,,755,859300,11678835,Julia,,,"{""player"":755,""from"":{""id"":11678835,""name"":""Julia"",""icon"":""https://graph.facebook.com/10218096465979952/picture?height=300&width=300""},""amount"":859300}"
295,1,transfer,1762927961,2025-11-12T06:12:41+00:00,False,,,,26813,844100,11678835,Julia,,,"{""player"":26813,""from"":{""id"":11678835,""name"":""Julia"",""icon"":""https://graph.facebook.com/10218096465979952/picture?height=300&width=300""},""amount"":844100}"
295,2,transfer,1762927961,2025-11-12T06:12:41+00:00,False,,,,21145,792400,11678835,Julia,,,"{""player"":21145,""from"":{""id"":11678835,""name"":""Julia"",""icon"":""https://graph.facebook.com/10218096465979952/picture?height=300&width=300""},""amount"":792400}"
296,0,market,1762927436,2025-11-12T06:03:56+00:00,False,,,,1733,4520000,,,11678835,Julia,"{""player"":1733,""to"":{""id"":11678835,""name"":""Julia"",""icon"":""https://graph.facebook.com/10218096465979952/picture?height=300&width=300""},""amount"":4520000,""bids"":[{""user"":{""id"":8128710,""name"":""Los vengadores"",""icon"":""icons/11.png""},""amount"":4265000},{""user"":{""id"":10089858,""name"":""Karlox F.C."",""icon"":""icons/7.png""},""amount"":4230000}]}"
296,1,market,1762927436,2025-11-12T06:03:56+00:00,False,,,,33447,1333333,,,10089858,Karlox F.C.,"{""player"":33447,""to"":{""id"":10089858,""name"":""Karlox F.C."",""icon"":""icons/7.png""},""amount"":1333333}"
297,0,transfer,1762848479,2025-11-11T08:07:59+00:00,False,,,,32020,1563300,11678835,Julia,,,"{""player"":32020,""from"":{""id"":11678835,""name"":""Julia"",""icon"":""https://graph.facebook.com/10218096465979952/picture?height=300&width=300""},""amount"":1563300}"
298,0,transfer,1762844642,2025-11-11T07:04:02+00:00,False,,,,37495,8176100,6822272,Ricardo J,,,"{""player"":37495,""from"":{""id"":6822272,""name"":""Ricardo J""},""amount"":8176100}"
299,0,market,1762841482,2025-11-11T06:11:22+00:00,False,,,,1721,1620000,,,6822272,Ricardo J,"{""player"":1721,""to"":{""id"":6822272,""name"":""Ricardo J""},""amount"":1620000}"
299,1,market,1762841482,2025-11-11T06:11:22+00:00,False,,,,31043,2770000,,,11678835,Julia,"{""player"":31043,""to"":{""id"":11678835,""name"":""Julia"",""icon"":""https://graph.facebook.com/10218096465979952/picture?height=300&width=300""},""amount"":2770000,""bids"":[{""user"":{""id"":6822272,""name"":""Ricardo J""},""amount"":2260000}]}"
299,2,market,1762841482,2025-11-11T06:11:22+00:00,False,,,,25384,2925000,,,6822272,Ricardo J,"{""player"":25384,""to"":{""id"":6822272,""name"":""Ricardo J""},""amount"":2925000}"
300,0,transfer,1762805489,2025-11-10T20:11:29+00:00,False,,,,9402,12028500,8128710,Los vengadores,,,"{""player"":9402,""from"":{""id"":8128710,""name"":""Los vengadores"",""icon"":""icons/11.png""},""amount"":12028500}"
301,0,transfer,1762761568,2025-11-10T07:59:28+00:00,False,,,,34483,1641600,6822272,Ricardo J,,,"{""player"":34483,""from"":{""id"":6822272,""name"":""Ricardo J""},""amount"":1641600}"
302,0,market,1762754632,2025-11-10T06:03:52+00:00,False,,,,10139,5160000,,,8128710,Los vengadores,"{""player"":10139,""to"":{""id"":8128710,""name"":""Los vengadores"",""icon"":""icons/11.png""},""amount"":5160000,""bids"":[{""user"":{""id"":6822272,""name"":""Ricardo J""},""amount"":4890000},{""user"":{""id"":11678835,""name"":""Julia"",""icon"":""https://graph.facebook.com/10218096465979952/picture?height=300&width=300""},""amount"":4880000}]}"
302,1,market,1762754632,2025-11-10T06:03:52+00:00,False,,,,755,910000,,,11678835,Julia,"{""player"":755,""to"":{""id"":11678835,""name"":""Julia"",""icon"":""https://graph.facebook.com/10218096465979952/picture?height=300&width=300""},""amount"":910000,""bids"":[{""user"":{""id"":10089858,""name"":""Karlox F.C."",""icon"":""icons/7.png""},""amount"":900000},{""user"":{""id"":6822272,""name"":""Ricardo J""},""amount"":875000}]}"
302,2,market,1762754632,2025-11-10T06:03:52+00:00,False,,,,897,2886000,,,8128710,Los vengadores,"{""player"":897,""to"":{""id"":8128710,""name"":""Los vengadores"",""icon"":""icons/11.png""},""amount"":2886000}"
303,0,transfer,1762717554,2025-11-09T19:45:54+00:00,False,,,,38843,3791900,8128710,Los vengadores,,,"{""player"":38843,""from"":{""id"":8128710,""name"":""Los vengadores"",""icon"":""icons/11.png""},""amount"":3791900}"
304,0,transfer,1762700626,2025-11-09T15:03:46+00:00,False,,,,38960,816400,8128710,Los vengadores,,,"{""player"":38960,""from"":{""id"":8128710,""name"":""Los vengadores"",""icon"":""icons/11.png""},""amount"":816400}"
305,0,transfer,1762678989,2025-11-09T09:03:09+00:00,False,,,,38962,7108100,6822272,Ricardo J,,,"{""player"":38962,""from"":{""id"":6822272,""name"":""Ricardo J""},""amount"":7108100}"
306,0,transfer,1762669916,2025-11-09T06:31:56+00:00,False,,,,37723,209500,10089858,Karlox F.C.,,,"{""player"":37723,""from"":{""id"":10089858,""name"":""Karlox F.C."",""icon"":""icons/7.png""},""amount"":209500}"
307,0,market,1762668434,2025-11-09T06:07:14+00:00,False,,,,1083,4670000,,,6822272,Ricardo J,"{""player"":1083,""to"":{""id"":6822272,""name"":""Ricardo J""},""amount"":4670000,""bids"":[{""user"":{""id"":8128710,""name"":""Los vengadores"",""icon"":""icons/11.png""},""amount"":4588000}]}"
307,1,market,1762668434,2025-11-09T06:07:14+00:00,False,,,,38493,3340000,,,8128710,Los vengadores,"{""player"":38493,""to"":{""id"":8128710,""name"":""Los vengadores"",""icon"":""icons/11.png""},""amount"":3340000,""bids"":[{""user"":{""id"":6822272,""name"":""Ricardo J""},""amount"":3310000}]}"
307,2,market,1762668434,2025-11-09T06:07:14+00:00,False,,,,1876,1610000,,,6822272,Ricardo J,"{""player"":1876,""to"":{""id"":6822272,""name"":""Ricardo J""},""amount"":1610000}"
307,3,market,1762668434,2025-11-09T06:07:14+00:00,False,,,,9887,2998000,,,8128710,Los vengadores,"{""player"":9887,""to"":{""id"":8128710,""name"":""Los vengadores"",""icon"":""icons/11.png""},""amount"":2998000}"
307,4,market,1762668434,2025-11-09T06:07:14+00:00,False,,,,15462,350000,,,10089858,Karlox F.C.,"{""player"":15462,""to"":{""id"":10089858,""name"":""Karlox F.C."",""icon"":""icons/7.png""},""amount"":350000}"
308,0,transfer,1762639818,2025-11-08T22:10:18+00:00,False,,,,23572,1299500,6822272,Ricardo J,,,"{""player"":23572,""from"":{""id"":6822272,""name"":""Ricardo J""},""amount"":1299500}"
308,1,transfer,1762639818,2025-11-08T22:10:18+00:00,False,,,,31267,1250200,6822272,Ricardo J,,,"{""player"":31267,""from"":{""id"":6822272,""name"":""Ricardo J""},""amount"":1250200}"
309,0,transfer,1762600902,2025-11-08T11:21:42+00:00,False,,,,4703,2049200,8128710,Los vengadores,,,"{""player"":4703,""from"":{""id"":8128710,""name"":""Los vengadores"",""icon"":""icons/11.png""},""amount"":2049200}"
310,0,transfer,1762586449,2025-11-08T07:20:49+00:00,False,,,,37715,143400,10089858,Karlox F.C.,,,"{""player"":37715,""from"":{""id"":10089858,""name"":""Karlox F.C."",""icon"":""icons/7.png""},""amount"":143400}"
311,0,market,1762582107,2025-11-08T06:08:27+00:00,False,,,,38189,440010,,,10089858,Karlox F.C.,"{""player"":38189,""to"":{""id"":10089858,""name"":""Karlox F.C."",""icon"":""icons/7.png""},""amount"":440010}"
311,1,market,1762582107,2025-11-08T06:08:27+00:00,False,,,,37495,7890000,,,6822272,Ricardo J,"{""player"":37495,""to"":{""id"":6822272,""name"":""Ricardo J""},""amount"":7890000,""bids"":[{""user"":{""id"":8128710,""name"":""Los vengadores"",""icon"":""icons/11.png""},""amount"":7889000}]}"
311,2,market,1762582107,2025-11-08T06:08:27+00:00,False,,,,38960,806000,,,8128710,Los vengadores,"{""player"":38960,""to"":{""id"":8128710,""name"":""Los vengadores"",""icon"":""icons/11.png""},""amount"":806000}"
311,3,market,1762582107,2025-11-08T06:08:27+00:00,False,,,,9402,11826000,,,8128710,Los vengadores,"{""player"":9402,""to"":{""id"":8128710,""name"":""Los vengadores"",""icon"":""icons/11.png""},""amount"":11826000,""bids"":[{""user"":{""id"":6822272,""name"":""Ricardo J""},""amount"":11815000}]}"
311,4,market,1762582107,2025-11-08T06:08:27+00:00,False,,,,25396,943000,,,8128710,Los vengadores,"{""player"":25396,""to"":{""id"":8128710,""name"":""Los vengadores"",""icon"":""icons/11.png""},""amount"":943000}"
312,0,transfer,1762542570,2025-11-07T19:09:30+00:00,False,,,,37467,1780600,6822272,Ricardo J,,,"{""player"":37467,""from"":{""id"":6822272,""name"":""Ricardo J""},""amount"":1780600}"
312,1,transfer,1762542570,2025-11-07T19:09:30+00:00,False,,,,37724,3219000,6822272,Ricardo J,,,"{""player"":37724,""from"":{""id"":6822272,""name"":""Ricardo J""},""amount"":3219000}"
312,2,transfer,1762542570,2025-11-07T19:09:30+00:00,False,,,,19192,3149400,6822272,Ricardo J,,,"{""player"":19192,""from"":{""id"":6822272,""name"":""Ricardo J""},""amount"":3149400}"
313,0,transfer,1762503849,2025-11-07T08:24:09+00:00,False,,,,32363,2442500,6826480,Víctor Orta,,,"{""player"":32363,""from"":{""id"":6826480,""name"":""Víctor Orta"",""icon"":""i/u/6826480.png""},""amount"":2442500}"
313,1,transfer,1762503849,2025-11-07T08:24:09+00:00,False,,,,4245,961200,6826480,Víctor Orta,,,"{""player"":4245,""from"":{""id"":6826480,""name"":""Víctor Orta"",""icon"":""i/u/6826480.png""},""amount"":961200}"
313,2,transfer,1762503849,2025-11-07T08:24:09+00:00,False,,,,19485,2234300,6826480,Víctor Orta,,,"{""player"":19485,""from"":{""id"":6826480,""name"":""Víctor Orta"",""icon"":""i/u/6826480.png""},""amount"":2234300}"
314,0,market,1762495580,2025-11-07T06:06:20+00:00,False,,,,17690,1660000,,,6826480,Víctor Orta,"{""player"":17690,""to"":{""id"":6826480,""name"":""Víctor Orta"",""icon"":""i/u/6826480.png""},""amount"":1660000}"
314,1,market,1762495580,2025-11-07T06:06:20+00:00,False,,,,23840,3150000,,,8127478,Arregui,"{""player"":23840,""to"":{""id"":8127478,""name"":""Arregui"",""icon"":""https://lh3.googleusercontent.com/a/AItbvmlJOQCrYJFKsWPDYSjpqt1A7kAZJUhj-ZkmC-6Q=s300-c""},""amount"":3150000,""bids"":[{""user"":{""id"":6826480,""name"":""Víctor Orta"",""icon"":""i/u/6826480.png""},""amount"":2860000}]}"
315,0,transfer,1762460880,2025-11-06T20:28:00+00:00,False,,,,1083,4612600,8128710,Los vengadores,,,"{""player"":1083,""from"":{""id"":8128710,""name"":""Los vengadores"",""icon"":""icons/11.png""},""amount"":4612600}"
315,1,transfer,1762460880,2025-11-06T20:28:00+00:00,False,,,,19299,3551900,8128710,Los vengadores,,,"{""player"":19299,""from"":{""id"":8128710,""name"":""Los vengadores"",""icon"":""icons/11.png""},""amount"":3551900}"
316,0,market,1762409163,2025-11-06T06:06:03+00:00,False,,,,26994,1940000,,,6826480,Víctor Orta,"{""player"":26994,""to"":{""id"":6826480,""name"":""Víctor Orta"",""icon"":""i/u/6826480.png""},""amount"":1940000}"
316,1,market,1762409163,2025-11-06T06:06:03+00:00,False,,,,21084,2560000,,,6826480,Víctor Orta,"{""player"":21084,""to"":{""id"":6826480,""name"":""Víctor Orta"",""icon"":""i/u/6826480.png""},""amount"":2560000}"
316,2,market,1762409163,2025-11-06T06:06:03+00:00,False,,,,37456,1440000,,,6826480,Víctor Orta,"{""player"":37456,""to"":{""id"":6826480,""name"":""Víctor Orta"",""icon"":""i/u/6826480.png""},""amount"":1440000}"
317,0,transfer,1762382355,2025-11-05T22:39:15+00:00,False,,,,38164,5318100,6826480,Víctor Orta,,,"{""player"":38164,""from"":{""id"":6826480,""name"":""Víctor Orta"",""icon"":""i/u/6826480.png""},""amount"":5318100}"
318,0,transfer,1762380663,2025-11-05T22:11:03+00:00,False,,,,27715,596900,8128710,Los vengadores,,,"{""player"":27715,""from"":{""id"":8128710,""name"":""Los vengadores"",""icon"":""icons/11.png""},""amount"":596900}"
319,0,transfer,1762336179,2025-11-05T09:49:39+00:00,False,,,,38369,2384300,6822272,Ricardo J,,,"{""player"":38369,""from"":{""id"":6822272,""name"":""Ricardo J""},""amount"":2384300}"
320,0,transfer,1762327703,2025-11-05T07:28:23+00:00,False,,,,38355,1089800,10089858,Karlox F.C.,,,"{""player"":38355,""from"":{""id"":10089858,""name"":""Karlox F.C."",""icon"":""icons/7.png""},""amount"":1089800}"
321,0,market,1762322730,2025-11-05T06:05:30+00:00,False,,,,32020,2280000,,,11678835,Julia,"{""player"":32020,""to"":{""id"":11678835,""name"":""Julia"",""icon"":""https://graph.facebook.com/10218096465979952/picture?height=300&width=300""},""amount"":2280000,""bids"":[{""user"":{""id"":10089858,""name"":""Karlox F.C."",""icon"":""icons/7.png""},""amount"":1580800}]}"
321,1,market,1762322730,2025-11-05T06:05:30+00:00,False,,,,38073,351000,,,5684093,CD Cornisa Azul,"{""player"":38073,""to"":{""id"":5684093,""name"":""CD Cornisa Azul"",""icon"":""icons/42.png""},""amount"":351000,""bids"":[{""user"":{""id"":8127478,""name"":""Arregui"",""icon"":""https://lh3.googleusercontent.com/a/AItbvmlJOQCrYJFKsWPDYSjpqt1A7kAZJUhj-ZkmC-6Q=s300-c""},""amount"":300000}]}"
321,2,market,1762322730,2025-11-05T06:05:30+00:00,False,,,,15568,18790000,,,6822272,Ricardo J,"{""player"":15568,""to"":{""id"":6822272,""name"":""Ricardo J""},""amount"":18790000}"
321,3,market,1762322730,2025-11-05T06:05:30+00:00,False,,,,35606,265000,,,5684093,CD Cornisa Azul,"{""player"":35606,""to"":{""id"":5684093,""name"":""CD Cornisa Azul"",""icon"":""icons/42.png""},""amount"":265000}"
321,4,market,1762322730,2025-11-05T06:05:30+00:00,False,,,,25724,7970000,,,6826480,Víctor Orta,"{""player"":25724,""to"":{""id"":6826480,""name"":""Víctor Orta"",""icon"":""i/u/6826480.png""},""amount"":7970000}"
322,0,transfer,1762297043,2025-11-04T22:57:23+00:00,False,,,,38216,1140000,11678835,Julia,,,"{""player"":38216,""from"":{""id"":11678835,""name"":""Julia"",""icon"":""https://graph.facebook.com/10218096465979952/picture?height=300&width=300""},""amount"":1140000}"
323,0,transfer,1762294186,2025-11-04T22:09:46+00:00,False,,,,37495,8069900,8128710,Los vengadores,,,"{""player"":37495,""from"":{""id"":8128710,""name"":""Los vengadores"",""icon"":""icons/11.png""},""amount"":8069900}"
324,0,transfer,1762249073,2025-11-04T09:37:53+00:00,False,,,,13994,713800,8127478,Arregui,,,"{""player"":13994,""from"":{""id"":8127478,""name"":""Arregui"",""icon"":""https://lh3.googleusercontent.com/a/AItbvmlJOQCrYJFKsWPDYSjpqt1A7kAZJUhj-ZkmC-6Q=s300-c""},""amount"":713800}"
324,1,transfer,1762249073,2025-11-04T09:37:53+00:00,False,,,,10650,223100,8127478,Arregui,,,"{""player"":10650,""from"":{""id"":8127478,""name"":""Arregui"",""icon"":""https://lh3.googleusercontent.com/a/AItbvmlJOQCrYJFKsWPDYSjpqt1A7kAZJUhj-ZkmC-6Q=s300-c""},""amount"":223100}"
325,0,transfer,1762239067,2025-11-04T06:51:07+00:00,False,,,,20,6829600,6822272,Ricardo J,,,"{""player"":20,""from"":{""id"":6822272,""name"":""Ricardo J""},""amount"":6829600}"
326,0,market,1762236821,2025-11-04T06:13:41+00:00,False,,,,37723,230010,,,10089858,Karlox F.C.,"{""player"":37723,""to"":{""id"":10089858,""name"":""Karlox F.C."",""icon"":""icons/7.png""},""amount"":230010}"
326,1,market,1762236821,2025-11-04T06:13:41+00:00,False,,,,26678,1970000,,,8127478,Arregui,"{""player"":26678,""to"":{""id"":8127478,""name"":""Arregui"",""icon"":""https://lh3.googleusercontent.com/a/AItbvmlJOQCrYJFKsWPDYSjpqt1A7kAZJUhj-ZkmC-6Q=s300-c""},""amount"":1970000}"
327,0,transfer,1762157899,2025-11-03T08:18:19+00:00,False,,,,21068,3890900,10089858,Karlox F.C.,,,"{""player"":21068,""from"":{""id"":10089858,""name"":""Karlox F.C."",""icon"":""icons/7.png""},""amount"":3890900}"
328,0,transfer,1762155735,2025-11-03T07:42:15+00:00,False,,,,26048,7158800,6822272,Ricardo J,,,"{""player"":26048,""from"":{""id"":6822272,""name"":""Ricardo J""},""amount"":7158800}"
329,0,transfer,1762153214,2025-11-03T07:00:14+00:00,False,,,,35283,576700,11678835,Julia,,,"{""player"":35283,""from"":{""id"":11678835,""name"":""Julia"",""icon"":""https://graph.facebook.com/10218096465979952/picture?height=300&width=300""},""amount"":576700}"
330,0,market,1762150145,2025-11-03T06:09:05+00:00,False,,,,1613,4861000,,,5684093,CD Cornisa Azul,"{""player"":1613,""to"":{""id"":5684093,""name"":""CD Cornisa Azul"",""icon"":""icons/42.png""},""amount"":4861000,""bids"":[{""user"":{""id"":10089858,""name"":""Karlox F.C."",""icon"":""icons/7.png""},""amount"":4777777}]}"
330,1,market,1762150145,2025-11-03T06:09:05+00:00,False,,,,11686,8666666,,,10089858,Karlox F.C.,"{""player"":11686,""to"":{""id"":10089858,""name"":""Karlox F.C."",""icon"":""icons/7.png""},""amount"":8666666,""bids"":[{""user"":{""id"":6822272,""name"":""Ricardo J""},""amount"":8250000}]}"
330,2,market,1762150145,2025-11-03T06:09:05+00:00,False,,,,37450,1530000,,,11678835,Julia,"{""player"":37450,""to"":{""id"":11678835,""name"":""Julia"",""icon"":""https://graph.facebook.com/10218096465979952/picture?height=300&width=300""},""amount"":1530000}"
330,3,market,1762150145,2025-11-03T06:09:05+00:00,False,,,,35770,14180000,,,6822272,Ricardo J,"{""player"":35770,""to"":{""id"":6822272,""name"":""Ricardo J""},""amount"":14180000}"
331,0,transfer,1762109908,2025-11-02T18:58:28+00:00,False,,,,34111,1817000,10089858,Karlox F.C.,,,"{""player"":34111,""from"":{""id"":10089858,""name"":""Karlox F.C."",""icon"":""icons/7.png""},""amount"":1817000}"
332,0,transfer,1762098660,2025-11-02T15:51:00+00:00,False,,,,26299,155800,6822272,Ricardo J,,,"{""player"":26299,""from"":{""id"":6822272,""name"":""Ricardo J""},""amount"":155800}"
332,1,transfer,1762098660,2025-11-02T15:51:00+00:00,False,,,,30141,216800,6822272,Ricardo J,,,"{""player"":30141,""from"":{""id"":6822272,""name"":""Ricardo J""},""amount"":216800}"
333,0,transfer,1762086470,2025-11-02T12:27:50+00:00,False,,,,26095,1398300,8128710,Los vengadores,,,"{""player"":26095,""from"":{""id"":8128710,""name"":""Los vengadores"",""icon"":""icons/11.png""},""amount"":1398300}"
334,0,market,1762063581,2025-11-02T06:06:21+00:00,False,,,,31027,16120000,,,8128710,Los vengadores,"{""player"":31027,""to"":{""id"":8128710,""name"":""Los vengadores"",""icon"":""icons/11.png""},""amount"":16120000,""bids"":[{""user"":{""id"":6822272,""name"":""Ricardo J""},""amount"":16080000}]}"
334,1,market,1762063581,2025-11-02T06:06:21+00:00,False,,,,23572,1785000,,,6822272,Ricardo J,"{""player"":23572,""to"":{""id"":6822272,""name"":""Ricardo J""},""amount"":1785000,""bids"":[{""user"":{""id"":10089858,""name"":""Karlox F.C."",""icon"":""icons/7.png""},""amount"":1444444}]}"
335,0,transfer,1762035415,2025-11-01T22:16:55+00:00,False,,,,31321,890200,8127478,Arregui,,,"{""player"":31321,""from"":{""id"":8127478,""name"":""Arregui"",""icon"":""https://lh3.googleusercontent.com/a/AItbvmlJOQCrYJFKsWPDYSjpqt1A7kAZJUhj-ZkmC-6Q=s300-c""},""amount"":890200}"
336,0,transfer,1761990220,2025-11-01T09:43:40+00:00,False,,,,1760,1755500,6822272,Ricardo J,,,"{""player"":1760,""from"":{""id"":6822272,""name"":""Ricardo J""},""amount"":1755500}"
337,0,market,1761977909,2025-11-01T06:18:29+00:00,False,,,,31018,3360000,,,8128710,Los vengadores,"{""player"":31018,""to"":{""id"":8128710,""name"":""Los vengadores"",""icon"":""icons/11.png""},""amount"":3360000}"
337,1,market,1761977909,2025-11-01T06:18:29+00:00,False,,,,19299,3385000,,,8128710,Los vengadores,"{""player"":19299,""to"":{""id"":8128710,""name"":""Los vengadores"",""icon"":""icons/11.png""},""amount"":3385000}"
338,0,transfer,1761949416,2025-10-31T22:23:36+00:00,False,,,,23880,3342500,8128710,Los vengadores,,,"{""player"":23880,""from"":{""id"":8128710,""name"":""Los vengadores"",""icon"":""icons/11.png""},""amount"":3342500}"
338,1,transfer,1761949416,2025-10-31T22:23:36+00:00,False,,,,37466,374500,8128710,Los vengadores,,,"{""player"":37466,""from"":{""id"":8128710,""name"":""Los vengadores"",""icon"":""icons/11.png""},""amount"":374500}"
339,0,transfer,1761892103,2025-10-31T06:28:23+00:00,False,,,,30493,2922200,10089858,Karlox F.C.,,,"{""player"":30493,""from"":{""id"":10089858,""name"":""Karlox F.C."",""icon"":""icons/7.png""},""amount"":2922200}"
339,1,transfer,1761892103,2025-10-31T06:28:23+00:00,False,,,,25778,782500,10089858,Karlox F.C.,,,"{""player"":25778,""from"":{""id"":10089858,""name"":""Karlox F.C."",""icon"":""icons/7.png""},""amount"":782500}"
340,0,market,1761890701,2025-10-31T06:05:01+00:00,False,,,,31707,8080888,,,10089858,Karlox F.C.,"{""player"":31707,""to"":{""id"":10089858,""name"":""Karlox F.C."",""icon"":""icons/7.png""},""amount"":8080888,""bids"":[{""user"":{""id"":6826480,""name"":""Víctor Orta"",""icon"":""i/u/6826480.png""},""amount"":7300000},{""user"":{""id"":6822272,""name"":""Ricardo J""},""amount"":7210000}]}"
340,1,market,1761890701,2025-10-31T06:05:01+00:00,False,,,,19485,2700000,,,6826480,Víctor Orta,"{""player"":19485,""to"":{""id"":6826480,""name"":""Víctor Orta"",""icon"":""i/u/6826480.png""},""amount"":2700000,""bids"":[{""user"":{""id"":8127478,""name"":""Arregui"",""icon"":""https://lh3.googleusercontent.com/a/AItbvmlJOQCrYJFKsWPDYSjpqt1A7kAZJUhj-ZkmC-6Q=s300-c""},""amount"":2560000},{""user"":{""id"":5684093,""name"":""CD Cornisa Azul"",""icon"":""icons/42.png""},""amount"":2512000}]}"
340,2,market,1761890701,2025-10-31T06:05:01+00:00,False,,,,10650,220000,,,8127478,Arregui,"{""player"":10650,""to"":{""id"":8127478,""name"":""Arregui"",""icon"":""https://lh3.googleusercontent.com/a/AItbvmlJOQCrYJFKsWPDYSjpqt1A7kAZJUhj-ZkmC-6Q=s300-c""},""amount"":220000}"
340,3,market,1761890701,2025-10-31T06:05:01+00:00,False,,,,37453,630000,,,8127478,Arregui,"{""player"":37453,""to"":{""id"":8127478,""name"":""Arregui"",""icon"":""https://lh3.googleusercontent.com/a/AItbvmlJOQCrYJFKsWPDYSjpqt1A7kAZJUhj-ZkmC-6Q=s300-c""},""amount"":630000}"
340,4,market,1761890701,2025-10-31T06:05:01+00:00,False,,,,20102,5415000,,,6822272,Ricardo J,"{""player"":20102,""to"":{""id"":6822272,""name"":""Ricardo J""},""amount"":5415000}"
341,0,transfer,1761807724,2025-10-30T07:02:04+00:00,False,,,,34803,229300,11678835,Julia,,,"{""player"":34803,""from"":{""id"":11678835,""name"":""Julia"",""icon"":""https://graph.facebook.com/10218096465979952/picture?height=300&width=300""},""amount"":229300}"
341,1,transfer,1761807724,2025-10-30T07:02:04+00:00,False,,,,19441,18198700,6822272,Ricardo J,,,"{""player"":19441,""from"":{""id"":6822272,""name"":""Ricardo J""},""amount"":18198700}"
342,0,market,1761804446,2025-10-30T06:07:26+00:00,False,,,,34483,1710000,,,6822272,Ricardo J,"{""player"":34483,""to"":{""id"":6822272,""name"":""Ricardo J""},""amount"":1710000}"
342,1,market,1761804446,2025-10-30T06:07:26+00:00,False,,,,13994,640000,,,8127478,Arregui,"{""player"":13994,""to"":{""id"":8127478,""name"":""Arregui"",""icon"":""https://lh3.googleusercontent.com/a/AItbvmlJOQCrYJFKsWPDYSjpqt1A7kAZJUhj-ZkmC-6Q=s300-c""},""amount"":640000}"
342,2,market,1761804446,2025-10-30T06:07:26+00:00,False,,,,26048,6620000,,,6822272,Ricardo J,"{""player"":26048,""to"":{""id"":6822272,""name"":""Ricardo J""},""amount"":6620000}"
342,3,market,1761804446,2025-10-30T06:07:26+00:00,False,,,,35283,560000,,,11678835,Julia,"{""player"":35283,""to"":{""id"":11678835,""name"":""Julia"",""icon"":""https://graph.facebook.com/10218096465979952/picture?height=300&width=300""},""amount"":560000}"
342,4,market,1761804446,2025-10-30T06:07:26+00:00,False,,,,23403,4130000,,,8127478,Arregui,"{""player"":23403,""to"":{""id"":8127478,""name"":""Arregui"",""icon"":""https://lh3.googleusercontent.com/a/AItbvmlJOQCrYJFKsWPDYSjpqt1A7kAZJUhj-ZkmC-6Q=s300-c""},""amount"":4130000}"
343,0,transfer,1761727460,2025-10-29T08:44:20+00:00,False,,,,1613,4463600,8127478,Arregui,,,"{""player"":1613,""from"":{""id"":8127478,""name"":""Arregui"",""icon"":""https://lh3.googleusercontent.com/a/AItbvmlJOQCrYJFKsWPDYSjpqt1A7kAZJUhj-ZkmC-6Q=s300-c""},""amount"":4463600}"
344,0,market,1761718359,2025-10-29T06:12:39+00:00,False,,,,22964,3790000,,,6822272,Ricardo J,"{""player"":22964,""to"":{""id"":6822272,""name"":""Ricardo J""},""amount"":3790000,""bids"":[{""user"":{""id"":8128710,""name"":""Los vengadores"",""icon"":""icons/11.png""},""amount"":3780000}]}"
344,1,market,1761718359,2025-10-29T06:12:39+00:00,False,,,,38308,2062000,,,5684093,CD Cornisa Azul,"{""player"":38308,""to"":{""id"":5684093,""name"":""CD Cornisa Azul"",""icon"":""icons/42.png""},""amount"":2062000}"
345,0,transfer,1761638097,2025-10-28T07:54:57+00:00,False,,,,35901,3699700,6822272,Ricardo J,,,"{""player"":35901,""from"":{""id"":6822272,""name"":""Ricardo J""},""amount"":3699700}"
346,0,market,1761631830,2025-10-28T06:10:30+00:00,False,,,,2184,3265102,,,5684093,CD Cornisa Azul,"{""player"":2184,""to"":{""id"":5684093,""name"":""CD Cornisa Azul"",""icon"":""icons/42.png""},""amount"":3265102}"
346,1,market,1761631830,2025-10-28T06:10:30+00:00,False,,,,4703,1668000,,,8128710,Los vengadores,"{""player"":4703,""to"":{""id"":8128710,""name"":""Los vengadores"",""icon"":""icons/11.png""},""amount"":1668000}"
347,0,transfer,1761556064,2025-10-27T09:07:44+00:00,False,,,,13994,627600,8127478,Arregui,,,"{""player"":13994,""from"":{""id"":8127478,""name"":""Arregui"",""icon"":""https://lh3.googleusercontent.com/a/AItbvmlJOQCrYJFKsWPDYSjpqt1A7kAZJUhj-ZkmC-6Q=s300-c""},""amount"":627600}"
348,0,transfer,1761554788,2025-10-27T08:46:28+00:00,False,,,,2001,7193500,8128710,Los vengadores,,,"{""player"":2001,""from"":{""id"":8128710,""name"":""Los vengadores"",""icon"":""icons/11.png""},""amount"":7193500}"
349,0,transfer,1761548335,2025-10-27T06:58:55+00:00,False,,,,38964,4771600,5684093,CD Cornisa Azul,,,"{""player"":38964,""from"":{""id"":5684093,""name"":""CD Cornisa Azul"",""icon"":""icons/42.png""},""amount"":4771600}"
349,1,transfer,1761548335,2025-10-27T06:58:55+00:00,False,,,,38854,1553700,5684093,CD Cornisa Azul,,,"{""player"":38854,""from"":{""id"":5684093,""name"":""CD Cornisa Azul"",""icon"":""icons/42.png""},""amount"":1553700}"
350,0,transfer,1761546760,2025-10-27T06:32:40+00:00,False,,,,38527,1175900,6822272,Ricardo J,,,"{""player"":38527,""from"":{""id"":6822272,""name"":""Ricardo J""},""amount"":1175900}"
350,1,transfer,1761546760,2025-10-27T06:32:40+00:00,False,,,,2031,782500,6822272,Ricardo J,,,"{""player"":2031,""from"":{""id"":6822272,""name"":""Ricardo J""},""amount"":782500}"
351,0,market,1761545463,2025-10-27T06:11:03+00:00,False,,,,1083,3978000,,,8128710,Los vengadores,"{""player"":1083,""to"":{""id"":8128710,""name"":""Los vengadores"",""icon"":""icons/11.png""},""amount"":3978000}"
351,1,market,1761545463,2025-10-27T06:11:03+00:00,False,,,,15430,6555000,,,6822272,Ricardo J,"{""player"":15430,""to"":{""id"":6822272,""name"":""Ricardo J""},""amount"":6555000,""bids"":[{""user"":{""id"":5684093,""name"":""CD Cornisa Azul"",""icon"":""icons/42.png""},""amount"":6290000}]}"
351,2,market,1761545463,2025-10-27T06:11:03+00:00,False,,,,19192,3450000,,,6822272,Ricardo J,"{""player"":19192,""to"":{""id"":6822272,""name"":""Ricardo J""},""amount"":3450000}"
351,3,market,1761545463,2025-10-27T06:11:03+00:00,False,,,,1871,190000,,,8128710,Los vengadores,"{""player"":1871,""to"":{""id"":8128710,""name"":""Los vengadores"",""icon"":""icons/11.png""},""amount"":190000}"
352,0,transfer,1761471972,2025-10-26T09:46:12+00:00,False,,,,1309,150000,8128710,Los vengadores,,,"{""player"":1309,""from"":{""id"":8128710,""name"":""Los vengadores"",""icon"":""icons/11.png""},""amount"":150000}"
352,1,transfer,1761471972,2025-10-26T09:46:12+00:00,False,,,,24509,5450500,8128710,Los vengadores,,,"{""player"":24509,""from"":{""id"":8128710,""name"":""Los vengadores"",""icon"":""icons/11.png""},""amount"":5450500}"
353,0,transfer,1761463095,2025-10-26T07:18:15+00:00,False,,,,33970,1827800,5684093,CD Cornisa Azul,,,"{""player"":33970,""from"":{""id"":5684093,""name"":""CD Cornisa Azul"",""icon"":""icons/42.png""},""amount"":1827800}"
354,0,market,1761458837,2025-10-26T06:07:17+00:00,False,,,,37495,7518000,,,8128710,Los vengadores,"{""player"":37495,""to"":{""id"":8128710,""name"":""Los vengadores"",""icon"":""icons/11.png""},""amount"":7518000}"
354,1,market,1761458837,2025-10-26T06:07:17+00:00,False,,,,26276,3866000,,,5684093,CD Cornisa Azul,"{""player"":26276,""to"":{""id"":5684093,""name"":""CD Cornisa Azul"",""icon"":""icons/42.png""},""amount"":3866000,""bids"":[{""user"":{""id"":10089858,""name"":""Karlox F.C."",""icon"":""icons/7.png""},""amount"":3333333},{""user"":{""id"":8128710,""name"":""Los vengadores"",""icon"":""icons/11.png""},""amount"":3218000}]}"
354,2,market,1761458837,2025-10-26T06:07:17+00:00,False,,,,25778,955555,,,10089858,Karlox F.C.,"{""player"":25778,""to"":{""id"":10089858,""name"":""Karlox F.C."",""icon"":""icons/7.png""},""amount"":955555,""bids"":[{""user"":{""id"":8128710,""name"":""Los vengadores"",""icon"":""icons/11.png""},""amount"":938000}]}"
354,3,market,1761458837,2025-10-26T06:07:17+00:00,False,,,,28087,3432000,,,5684093,CD Cornisa Azul,"{""player"":28087,""to"":{""id"":5684093,""name"":""CD Cornisa Azul"",""icon"":""icons/42.png""},""amount"":3432000,""bids"":[{""user"":{""id"":8128710,""name"":""Los vengadores"",""icon"":""icons/11.png""},""amount"":3140000}]}"
354,4,market,1761458837,2025-10-26T06:07:17+00:00,False,,,,26095,1378000,,,8128710,Los vengadores,"{""player"":26095,""to"":{""id"":8128710,""name"":""Los vengadores"",""icon"":""icons/11.png""},""amount"":1378000,""bids"":[{""user"":{""id"":6822272,""name"":""Ricardo J""},""amount"":1375000}]}"
355,0,transfer,1761406450,2025-10-25T15:34:10+00:00,False,,,,37898,986300,6822272,Ricardo J,,,"{""player"":37898,""from"":{""id"":6822272,""name"":""Ricardo J""},""amount"":986300}"
355,1,transfer,1761406450,2025-10-25T15:34:10+00:00,False,,,,2602,6324900,6822272,Ricardo J,,,"{""player"":2602,""from"":{""id"":6822272,""name"":""Ricardo J""},""amount"":6324900}"
356,0,transfer,1761403781,2025-10-25T14:49:41+00:00,False,,,,1780,826300,6826480,Víctor Orta,,,"{""player"":1780,""from"":{""id"":6826480,""name"":""Víctor Orta"",""icon"":""i/u/6826480.png""},""amount"":826300}"
357,0,transfer,1761386998,2025-10-25T10:09:58+00:00,False,,,,17344,3173600,8128710,Los vengadores,,,"{""player"":17344,""from"":{""id"":8128710,""name"":""Los vengadores"",""icon"":""icons/11.png""},""amount"":3173600}"
358,0,market,1761368807,2025-10-25T05:06:47+00:00,False,,,,27715,682000,,,8128710,Los vengadores,"{""player"":27715,""to"":{""id"":8128710,""name"":""Los vengadores"",""icon"":""icons/11.png""},""amount"":682000}"
358,1,market,1761368807,2025-10-25T05:06:47+00:00,False,,,,37466,390000,,,8128710,Los vengadores,"{""player"":37466,""to"":{""id"":8128710,""name"":""Los vengadores"",""icon"":""icons/11.png""},""amount"":390000}"
359,0,transfer,1761321860,2025-10-24T16:04:20+00:00,False,,,,20969,4417400,8128710,Los vengadores,,,"{""player"":20969,""from"":{""id"":8128710,""name"":""Los vengadores"",""icon"":""icons/11.png""},""amount"":4417400}"
360,0,transfer,1761283915,2025-10-24T05:31:55+00:00,False,,,,38143,1995400,8127478,Arregui,,,"{""player"":38143,""from"":{""id"":8127478,""name"":""Arregui"",""icon"":""https://lh3.googleusercontent.com/a/AItbvmlJOQCrYJFKsWPDYSjpqt1A7kAZJUhj-ZkmC-6Q=s300-c""},""amount"":1995400}"
361,0,market,1761282582,2025-10-24T05:09:42+00:00,False,,,,31321,900000,,,8127478,Arregui,"{""player"":31321,""to"":{""id"":8127478,""name"":""Arregui"",""icon"":""https://lh3.googleusercontent.com/a/AItbvmlJOQCrYJFKsWPDYSjpqt1A7kAZJUhj-ZkmC-6Q=s300-c""},""amount"":900000}"
361,1,market,1761282582,2025-10-24T05:09:42+00:00,False,,,,35901,3860000,,,6822272,Ricardo J,"{""player"":35901,""to"":{""id"":6822272,""name"":""Ricardo J""},""amount"":3860000,""bids"":[{""user"":{""id"":8128710,""name"":""Los vengadores"",""icon"":""icons/11.png""},""amount"":3670000}]}"
361,2,market,1761282582,2025-10-24T05:09:42+00:00,False,,,,38369,2210000,,,6822272,Ricardo J,"{""player"":38369,""to"":{""id"":6822272,""name"":""Ricardo J""},""amount"":2210000,""bids"":[{""user"":{""id"":6826480,""name"":""Víctor Orta"",""icon"":""i/u/6826480.png""},""amount"":1890000},{""user"":{""id"":8128710,""name"":""Los vengadores"",""icon"":""icons/11.png""},""amount"":1880000}]}"
362,0,transfer,1761204519,2025-10-23T07:28:39+00:00,False,,,,13994,600000,11678835,Julia,8127478,Arregui,"{""player"":13994,""from"":{""id"":11678835,""name"":""Julia"",""icon"":""https://graph.facebook.com/10218096465979952/picture?height=300&width=300""},""to"":{""id"":8127478,""name"":""Arregui"",""icon"":""https://lh3.googleusercontent.com/a/AItbvmlJOQCrYJFKsWPDYSjpqt1A7kAZJUhj-ZkmC-6Q=s300-c""},""amount"":600000}"
363,0,transfer,1761202671,2025-10-23T06:57:51+00:00,False,,,,27996,2054800,8127478,Arregui,,,"{""player"":27996,""from"":{""id"":8127478,""name"":""Arregui"",""icon"":""https://lh3.googleusercontent.com/a/AItbvmlJOQCrYJFKsWPDYSjpqt1A7kAZJUhj-ZkmC-6Q=s300-c""},""amount"":2054800}"
364,0,market,1761196192,2025-10-23T05:09:52+00:00,False,,,,1760,1695000,,,6822272,Ricardo J,"{""player"":1760,""to"":{""id"":6822272,""name"":""Ricardo J""},""amount"":1695000,""bids"":[{""user"":{""id"":8127478,""name"":""Arregui"",""icon"":""https://lh3.googleusercontent.com/a/AItbvmlJOQCrYJFKsWPDYSjpqt1A7kAZJUhj-ZkmC-6Q=s300-c""},""amount"":1630000},{""user"":{""id"":6826480,""name"":""Víctor Orta"",""icon"":""i/u/6826480.png""},""amount"":1530000}]}"
364,1,market,1761196192,2025-10-23T05:09:52+00:00,False,,,,37467,525000,,,6822272,Ricardo J,"{""player"":37467,""to"":{""id"":6822272,""name"":""Ricardo J""},""amount"":525000,""bids"":[{""user"":{""id"":8128710,""name"":""Los vengadores"",""icon"":""icons/11.png""},""amount"":440000}]}"
364,2,market,1761196192,2025-10-23T05:09:52+00:00,False,,,,1613,4900000,,,8127478,Arregui,"{""player"":1613,""to"":{""id"":8127478,""name"":""Arregui"",""icon"":""https://lh3.googleusercontent.com/a/AItbvmlJOQCrYJFKsWPDYSjpqt1A7kAZJUhj-ZkmC-6Q=s300-c""},""amount"":4900000}"
364,3,market,1761196192,2025-10-23T05:09:52+00:00,False,,,,1309,150010,,,8128710,Los vengadores,"{""player"":1309,""to"":{""id"":8128710,""name"":""Los vengadores"",""icon"":""icons/11.png""},""amount"":150010}"
365,0,transfer,1761117060,2025-10-22T07:11:00+00:00,False,,,,91,3044000,8127478,Arregui,,,"{""player"":91,""from"":{""id"":8127478,""name"":""Arregui"",""icon"":""https://lh3.googleusercontent.com/a/AItbvmlJOQCrYJFKsWPDYSjpqt1A7kAZJUhj-ZkmC-6Q=s300-c""},""amount"":3044000}"
366,0,market,1761109560,2025-10-22T05:06:00+00:00,False,,,,1676,2180000,,,6822272,Ricardo J,"{""player"":1676,""to"":{""id"":6822272,""name"":""Ricardo J""},""amount"":2180000,""bids"":[{""user"":{""id"":8128710,""name"":""Los vengadores"",""icon"":""icons/11.png""},""amount"":1880000},{""user"":{""id"":8127478,""name"":""Arregui"",""icon"":""https://lh3.googleusercontent.com/a/AItbvmlJOQCrYJFKsWPDYSjpqt1A7kAZJUhj-ZkmC-6Q=s300-c""},""amount"":1840000}]}"
366,1,market,1761109560,2025-10-22T05:06:00+00:00,False,,,,21145,1110000,,,11678835,Julia,"{""player"":21145,""to"":{""id"":11678835,""name"":""Julia"",""icon"":""https://graph.facebook.com/10218096465979952/picture?height=300&width=300""},""amount"":1110000}"
366,2,market,1761109560,2025-10-22T05:06:00+00:00,False,,,,37898,910000,,,6822272,Ricardo J,"{""player"":37898,""to"":{""id"":6822272,""name"":""Ricardo J""},""amount"":910000,""bids"":[{""user"":{""id"":8128710,""name"":""Los vengadores"",""icon"":""icons/11.png""},""amount"":896000},{""user"":{""id"":8127478,""name"":""Arregui"",""icon"":""https://lh3.googleusercontent.com/a/AItbvmlJOQCrYJFKsWPDYSjpqt1A7kAZJUhj-ZkmC-6Q=s300-c""},""amount"":890000}]}"
367,0,transfer,1761084695,2025-10-21T22:11:35+00:00,False,,,,26068,2951900,8128710,Los vengadores,,,"{""player"":26068,""from"":{""id"":8128710,""name"":""Los vengadores"",""icon"":""icons/11.png""},""amount"":2951900}"
367,1,transfer,1761084695,2025-10-21T22:11:35+00:00,False,,,,23006,155900,8128710,Los vengadores,,,"{""player"":23006,""from"":{""id"":8128710,""name"":""Los vengadores"",""icon"":""icons/11.png""},""amount"":155900}"
367,2,transfer,1761084695,2025-10-21T22:11:35+00:00,False,,,,32435,12403700,8128710,Los vengadores,,,"{""player"":32435,""from"":{""id"":8128710,""name"":""Los vengadores"",""icon"":""icons/11.png""},""amount"":12403700}"
368,0,transfer,1761060710,2025-10-21T15:31:50+00:00,False,,,,32135,1490200,11678835,Julia,,,"{""player"":32135,""from"":{""id"":11678835,""name"":""Julia"",""icon"":""https://graph.facebook.com/10218096465979952/picture?height=300&width=300""},""amount"":1490200}"
369,0,transfer,1761023738,2025-10-21T05:15:38+00:00,False,,,,38493,3100500,6822272,Ricardo J,,,"{""player"":38493,""from"":{""id"":6822272,""name"":""Ricardo J""},""amount"":3100500}"
370,0,market,1761023318,2025-10-21T05:08:38+00:00,False,,,,34805,150020,,,8128710,Los vengadores,"{""player"":34805,""to"":{""id"":8128710,""name"":""Los vengadores"",""icon"":""icons/11.png""},""amount"":150020}"
370,1,market,1761023318,2025-10-21T05:08:38+00:00,False,,,,30495,4080000,,,8127478,Arregui,"{""player"":30495,""to"":{""id"":8127478,""name"":""Arregui"",""icon"":""https://lh3.googleusercontent.com/a/AItbvmlJOQCrYJFKsWPDYSjpqt1A7kAZJUhj-ZkmC-6Q=s300-c""},""amount"":4080000,""bids"":[{""user"":{""id"":6822272,""name"":""Ricardo J""},""amount"":3520000},{""user"":{""id"":8128710,""name"":""Los vengadores"",""icon"":""icons/11.png""},""amount"":3245000}]}"
370,2,market,1761023318,2025-10-21T05:08:38+00:00,False,,,,18174,9565000,,,8128710,Los vengadores,"{""player"":18174,""to"":{""id"":8128710,""name"":""Los vengadores"",""icon"":""icons/11.png""},""amount"":9565000}"
371,0,transfer,1760953351,2025-10-20T09:42:31+00:00,False,,,,5807,1683900,8128710,Los vengadores,,,"{""player"":5807,""from"":{""id"":8128710,""name"":""Los vengadores"",""icon"":""icons/11.png""},""amount"":1683900}"
371,1,transfer,1760953351,2025-10-20T09:42:31+00:00,False,,,,1679,1440400,8128710,Los vengadores,,,"{""player"":1679,""from"":{""id"":8128710,""name"":""Los vengadores"",""icon"":""icons/11.png""},""amount"":1440400}"
372,0,transfer,1760941681,2025-10-20T06:28:01+00:00,False,,,,34479,12354200,6822272,Ricardo J,,,"{""player"":34479,""from"":{""id"":6822272,""name"":""Ricardo J""},""amount"":12354200}"
373,0,transfer,1760937329,2025-10-20T05:15:29+00:00,False,,,,21145,1035400,8127478,Arregui,,,"{""player"":21145,""from"":{""id"":8127478,""name"":""Arregui"",""icon"":""https://lh3.googleusercontent.com/a/AItbvmlJOQCrYJFKsWPDYSjpqt1A7kAZJUhj-ZkmC-6Q=s300-c""},""amount"":1035400}"
374,0,market,1760936994,2025-10-20T05:09:54+00:00,False,,,,31267,1688000,,,6822272,Ricardo J,"{""player"":31267,""to"":{""id"":6822272,""name"":""Ricardo J""},""amount"":1688000,""bids"":[{""user"":{""id"":8128710,""name"":""Los vengadores"",""icon"":""icons/11.png""},""amount"":1488000},{""user"":{""id"":11678835,""name"":""Julia"",""icon"":""https://graph.facebook.com/10218096465979952/picture?height=300&width=300""},""amount"":1480000}]}"
374,1,market,1760936994,2025-10-20T05:09:54+00:00,False,,,,30141,215000,,,6822272,Ricardo J,"{""player"":30141,""to"":{""id"":6822272,""name"":""Ricardo J""},""amount"":215000,""bids"":[{""user"":{""id"":10089858,""name"":""Karlox F.C."",""icon"":""icons/7.png""},""amount"":210030}]}"
374,2,market,1760936994,2025-10-20T05:09:54+00:00,False,,,,24509,5260000,,,8128710,Los vengadores,"{""player"":24509,""to"":{""id"":8128710,""name"":""Los vengadores"",""icon"":""icons/11.png""},""amount"":5260000}"
374,3,market,1760936994,2025-10-20T05:09:54+00:00,False,,,,20969,4358000,,,8128710,Los vengadores,"{""player"":20969,""to"":{""id"":8128710,""name"":""Los vengadores"",""icon"":""icons/11.png""},""amount"":4358000,""bids"":[{""user"":{""id"":11678835,""name"":""Julia"",""icon"":""https://graph.facebook.com/10218096465979952/picture?height=300&width=300""},""amount"":4230000}]}"
375,0,market,1760850458,2025-10-19T05:07:38+00:00,False,,,,38843,1670000,,,8128710,Los vengadores,"{""player"":38843,""to"":{""id"":8128710,""name"":""Los vengadores"",""icon"":""icons/11.png""},""amount"":1670000}"
376,0,market,1760764048,2025-10-18T05:07:28+00:00,False,,,,38958,3486000,,,8128710,Los vengadores,"{""player"":38958,""to"":{""id"":8128710,""name"":""Los vengadores"",""icon"":""icons/11.png""},""amount"":3486000}"
376,1,market,1760764048,2025-10-18T05:07:28+00:00,False,,,,37724,2550000,,,6822272,Ricardo J,"{""player"":37724,""to"":{""id"":6822272,""name"":""Ricardo J""},""amount"":2550000,""bids"":[{""user"":{""id"":8128710,""name"":""Los vengadores"",""icon"":""icons/11.png""},""amount"":2360000}]}"
376,2,market,1760764048,2025-10-18T05:07:28+00:00,False,,,,38216,1990000,,,11678835,Julia,"{""player"":38216,""to"":{""id"":11678835,""name"":""Julia"",""icon"":""https://graph.facebook.com/10218096465979952/picture?height=300&width=300""},""amount"":1990000,""bids"":[{""user"":{""id"":6822272,""name"":""Ricardo J""},""amount"":1275000},{""user"":{""id"":8128710,""name"":""Los vengadores"",""icon"":""icons/11.png""},""amount"":1116000}]}"
377,0,transfer,1760623919,2025-10-16T14:11:59+00:00,False,,,,2044,1919500,8128710,Los vengadores,,,"{""player"":2044,""from"":{""id"":8128710,""name"":""Los vengadores"",""icon"":""icons/11.png""},""amount"":1919500}"
377,1,transfer,1760623919,2025-10-16T14:11:59+00:00,False,,,,12494,1176300,8128710,Los vengadores,,,"{""player"":12494,""from"":{""id"":8128710,""name"":""Los vengadores"",""icon"":""icons/11.png""},""amount"":1176300}"
377,2,transfer,1760623919,2025-10-16T14:11:59+00:00,False,,,,30510,455900,8128710,Los vengadores,,,"{""player"":30510,""from"":{""id"":8128710,""name"":""Los vengadores"",""icon"":""icons/11.png""},""amount"":455900}"
377,3,transfer,1760623919,2025-10-16T14:11:59+00:00,False,,,,38144,149800,8128710,Los vengadores,,,"{""player"":38144,""from"":{""id"":8128710,""name"":""Los vengadores"",""icon"":""icons/11.png""},""amount"":149800}"
378,0,transfer,1760598846,2025-10-16T07:14:06+00:00,False,,,,16821,5639500,6822272,Ricardo J,,,"{""player"":16821,""from"":{""id"":6822272,""name"":""Ricardo J""},""amount"":5639500}"
378,1,transfer,1760598846,2025-10-16T07:14:06+00:00,False,,,,37739,1638100,6822272,Ricardo J,,,"{""player"":37739,""from"":{""id"":6822272,""name"":""Ricardo J""},""amount"":1638100}"
378,2,transfer,1760598846,2025-10-16T07:14:06+00:00,False,,,,1721,1833300,6822272,Ricardo J,,,"{""player"":1721,""from"":{""id"":6822272,""name"":""Ricardo J""},""amount"":1833300}"
379,0,transfer,1760595827,2025-10-16T06:23:47+00:00,False,,,,21008,11538500,6822272,Ricardo J,,,"{""player"":21008,""from"":{""id"":6822272,""name"":""Ricardo J""},""amount"":11538500}"
380,0,market,1760591325,2025-10-16T05:08:45+00:00,False,,,,2001,6711000,,,8128710,Los vengadores,"{""player"":2001,""to"":{""id"":8128710,""name"":""Los vengadores"",""icon"":""icons/11.png""},""amount"":6711000}"
381,0,transfer,1760518282,2025-10-15T08:51:22+00:00,False,,,,257,5866000,8128710,Los vengadores,,,"{""player"":257,""from"":{""id"":8128710,""name"":""Los vengadores"",""icon"":""icons/11.png""},""amount"":5866000}"
381,1,transfer,1760518282,2025-10-15T08:51:22+00:00,False,,,,1462,1866600,8128710,Los vengadores,,,"{""player"":1462,""from"":{""id"":8128710,""name"":""Los vengadores"",""icon"":""icons/11.png""},""amount"":1866600}"
381,2,transfer,1760518282,2025-10-15T08:51:22+00:00,False,,,,26095,1152500,8128710,Los vengadores,,,"{""player"":26095,""from"":{""id"":8128710,""name"":""Los vengadores"",""icon"":""icons/11.png""},""amount"":1152500}"
382,0,market,1760504917,2025-10-15T05:08:37+00:00,False,,,,38963,2230000,,,6826480,Víctor Orta,"{""player"":38963,""to"":{""id"":6826480,""name"":""Víctor Orta"",""icon"":""i/u/6826480.png""},""amount"":2230000,""bids"":[{""user"":{""id"":5684093,""name"":""CD Cornisa Azul"",""icon"":""icons/42.png""},""amount"":2177050}]}"
383,0,transfer,1760419147,2025-10-14T05:19:07+00:00,False,,,,290,524800,11678835,Julia,,,"{""player"":290,""from"":{""id"":11678835,""name"":""Julia"",""icon"":""https://graph.facebook.com/10218096465979952/picture?height=300&width=300""},""amount"":524800}"
383,1,transfer,1760419147,2025-10-14T05:19:07+00:00,False,,,,16317,3724900,11678835,Julia,,,"{""player"":16317,""from"":{""id"":11678835,""name"":""Julia"",""icon"":""https://graph.facebook.com/10218096465979952/picture?height=300&width=300""},""amount"":3724900}"
384,0,market,1760418477,2025-10-14T05:07:57+00:00,False,,,,33,6170000,,,11678835,Julia,"{""player"":33,""to"":{""id"":11678835,""name"":""Julia"",""icon"":""https://graph.facebook.com/10218096465979952/picture?height=300&width=300""},""amount"":6170000}"
384,1,market,1760418477,2025-10-14T05:07:57+00:00,False,,,,38423,290000,,,6826480,Víctor Orta,"{""player"":38423,""to"":{""id"":6826480,""name"":""Víctor Orta"",""icon"":""i/u/6826480.png""},""amount"":290000}"
384,2,market,1760418477,2025-10-14T05:07:57+00:00,False,,,,38164,7860000,,,6826480,Víctor Orta,"{""player"":38164,""to"":{""id"":6826480,""name"":""Víctor Orta"",""icon"":""i/u/6826480.png""},""amount"":7860000,""bids"":[{""user"":{""id"":8128710,""name"":""Los vengadores"",""icon"":""icons/11.png""},""amount"":7830000}]}"
384,3,market,1760418477,2025-10-14T05:07:57+00:00,False,,,,1780,980000,,,6826480,Víctor Orta,"{""player"":1780,""to"":{""id"":6826480,""name"":""Víctor Orta"",""icon"":""i/u/6826480.png""},""amount"":980000}"
384,4,market,1760418477,2025-10-14T05:07:57+00:00,False,,,,18916,1310000,,,11678835,Julia,"{""player"":18916,""to"":{""id"":11678835,""name"":""Julia"",""icon"":""https://graph.facebook.com/10218096465979952/picture?height=300&width=300""},""amount"":1310000}"
385,0,transfer,1760395540,2025-10-13T22:45:40+00:00,False,,,,34527,6997500,6826480,Víctor Orta,,,"{""player"":34527,""from"":{""id"":6826480,""name"":""Víctor Orta"",""icon"":""i/u/6826480.png""},""amount"":6997500}"
385,1,transfer,1760395540,2025-10-13T22:45:40+00:00,False,,,,38095,985200,6826480,Víctor Orta,,,"{""player"":38095,""from"":{""id"":6826480,""name"":""Víctor Orta"",""icon"":""i/u/6826480.png""},""amount"":985200}"
386,0,market,1760331952,2025-10-13T05:05:52+00:00,False,,,,17344,2610000,,,8128710,Los vengadores,"{""player"":17344,""to"":{""id"":8128710,""name"":""Los vengadores"",""icon"":""icons/11.png""},""amount"":2610000}"
386,1,market,1760331952,2025-10-13T05:05:52+00:00,False,,,,257,5990000,,,8128710,Los vengadores,"{""player"":257,""to"":{""id"":8128710,""name"":""Los vengadores"",""icon"":""icons/11.png""},""amount"":5990000}"
387,0,transfer,1760255274,2025-10-12T07:47:54+00:00,False,,,,38966,6730200,5684093,CD Cornisa Azul,,,"{""player"":38966,""from"":{""id"":5684093,""name"":""CD Cornisa Azul"",""icon"":""icons/42.png""},""amount"":6730200}"
387,1,transfer,1760255274,2025-10-12T07:47:54+00:00,False,,,,1153,4944000,5684093,CD Cornisa Azul,,,"{""player"":1153,""from"":{""id"":5684093,""name"":""CD Cornisa Azul"",""icon"":""icons/42.png""},""amount"":4944000}"
388,0,market,1760245655,2025-10-12T05:07:35+00:00,False,,,,1721,1885000,,,6822272,Ricardo J,"{""player"":1721,""to"":{""id"":6822272,""name"":""Ricardo J""},""amount"":1885000}"
388,1,market,1760245655,2025-10-12T05:07:35+00:00,False,,,,20,6170000,,,6822272,Ricardo J,"{""player"":20,""to"":{""id"":6822272,""name"":""Ricardo J""},""amount"":6170000}"
389,0,transfer,1760194265,2025-10-11T14:51:05+00:00,False,,,,24326,6072200,8128710,Los vengadores,,,"{""player"":24326,""from"":{""id"":8128710,""name"":""Los vengadores"",""icon"":""icons/11.png""},""amount"":6072200}"
390,0,transfer,1760169790,2025-10-11T08:03:10+00:00,False,,,,7003,4615200,6822272,Ricardo J,,,"{""player"":7003,""from"":{""id"":6822272,""name"":""Ricardo J""},""amount"":4615200}"
390,1,transfer,1760169790,2025-10-11T08:03:10+00:00,False,,,,1083,3577600,6822272,Ricardo J,,,"{""player"":1083,""from"":{""id"":6822272,""name"":""Ricardo J""},""amount"":3577600}"
391,0,market,1760159231,2025-10-11T05:07:11+00:00,False,,,,12494,1156000,,,8128710,Los vengadores,"{""player"":12494,""to"":{""id"":8128710,""name"":""Los vengadores"",""icon"":""icons/11.png""},""amount"":1156000}"
391,1,market,1760159231,2025-10-11T05:07:11+00:00,False,,,,38527,1180000,,,6822272,Ricardo J,"{""player"":38527,""to"":{""id"":6822272,""name"":""Ricardo J""},""amount"":1180000,""bids"":[{""user"":{""id"":8128710,""name"":""Los vengadores"",""icon"":""icons/11.png""},""amount"":1136000}]}"
391,2,market,1760159231,2025-10-11T05:07:11+00:00,False,,,,10574,1056000,,,8128710,Los vengadores,"{""player"":10574,""to"":{""id"":8128710,""name"":""Los vengadores"",""icon"":""icons/11.png""},""amount"":1056000}"
392,0,transfer,1760137856,2025-10-10T23:10:56+00:00,False,,,,38216,1028900,8128710,Los vengadores,,,"{""player"":38216,""from"":{""id"":8128710,""name"":""Los vengadores"",""icon"":""icons/11.png""},""amount"":1028900}"
393,0,market,1760072651,2025-10-10T05:04:11+00:00,False,,,,9763,525000,,,5684093,CD Cornisa Azul,"{""player"":9763,""to"":{""id"":5684093,""name"":""CD Cornisa Azul"",""icon"":""icons/42.png""},""amount"":525000,""bids"":[{""user"":{""id"":10089858,""name"":""Karlox F.C."",""icon"":""icons/7.png""},""amount"":460010}]}"
393,1,market,1760072651,2025-10-10T05:04:11+00:00,False,,,,37739,1565000,,,6822272,Ricardo J,"{""player"":37739,""to"":{""id"":6822272,""name"":""Ricardo J""},""amount"":1565000}"
393,2,market,1760072651,2025-10-10T05:04:11+00:00,False,,,,2031,555000,,,6822272,Ricardo J,"{""player"":2031,""to"":{""id"":6822272,""name"":""Ricardo J""},""amount"":555000}"
394,0,transfer,1760048803,2025-10-09T22:26:43+00:00,False,,,,28103,3217000,5684093,CD Cornisa Azul,,,"{""player"":28103,""from"":{""id"":5684093,""name"":""CD Cornisa Azul"",""icon"":""icons/42.png""},""amount"":3217000}"
395,0,transfer,1759999703,2025-10-09T08:48:23+00:00,False,,,,6871,508700,6822272,Ricardo J,,,"{""player"":6871,""from"":{""id"":6822272,""name"":""Ricardo J""},""amount"":508700}"
396,0,transfer,1759992943,2025-10-09T06:55:43+00:00,False,,,,23809,593400,8128710,Los vengadores,,,"{""player"":23809,""from"":{""id"":8128710,""name"":""Los vengadores"",""icon"":""icons/11.png""},""amount"":593400}"
397,0,market,1759986552,2025-10-09T05:09:12+00:00,False,,,,38962,10370000,,,6822272,Ricardo J,"{""player"":38962,""to"":{""id"":6822272,""name"":""Ricardo J""},""amount"":10370000,""bids"":[{""user"":{""id"":8128710,""name"":""Los vengadores"",""icon"":""icons/11.png""},""amount"":9050000}]}"
397,1,market,1759986552,2025-10-09T05:09:12+00:00,False,,,,2044,1820020,,,8128710,Los vengadores,"{""player"":2044,""to"":{""id"":8128710,""name"":""Los vengadores"",""icon"":""icons/11.png""},""amount"":1820020}"
398,0,transfer,1759909437,2025-10-08T07:43:57+00:00,False,,,,18397,5151600,8127478,Arregui,,,"{""player"":18397,""from"":{""id"":8127478,""name"":""Arregui"",""icon"":""https://lh3.googleusercontent.com/a/AItbvmlJOQCrYJFKsWPDYSjpqt1A7kAZJUhj-ZkmC-6Q=s300-c""},""amount"":5151600}"
398,1,transfer,1759909437,2025-10-08T07:43:57+00:00,False,,,,29034,1625200,8127478,Arregui,,,"{""player"":29034,""from"":{""id"":8127478,""name"":""Arregui"",""icon"":""https://lh3.googleusercontent.com/a/AItbvmlJOQCrYJFKsWPDYSjpqt1A7kAZJUhj-ZkmC-6Q=s300-c""},""amount"":1625200}"
398,2,transfer,1759909437,2025-10-08T07:43:57+00:00,False,,,,18173,7274600,6822272,Ricardo J,,,"{""player"":18173,""from"":{""id"":6822272,""name"":""Ricardo J""},""amount"":7274600}"
399,0,market,1759899923,2025-10-08T05:05:23+00:00,False,,,,38966,7265000,,,5684093,CD Cornisa Azul,"{""player"":38966,""to"":{""id"":5684093,""name"":""CD Cornisa Azul"",""icon"":""icons/42.png""},""amount"":7265000,""bids"":[{""user"":{""id"":8128710,""name"":""Los vengadores"",""icon"":""icons/11.png""},""amount"":7262000},{""user"":{""id"":11678835,""name"":""Julia"",""icon"":""https://graph.facebook.com/10218096465979952/picture?height=300&width=300""},""amount"":7200000}]}"
399,1,market,1759899923,2025-10-08T05:05:23+00:00,False,,,,19441,18510000,,,6822272,Ricardo J,"{""player"":19441,""to"":{""id"":6822272,""name"":""Ricardo J""},""amount"":18510000}"
399,2,market,1759899923,2025-10-08T05:05:23+00:00,False,,,,38854,2110850,,,5684093,CD Cornisa Azul,"{""player"":38854,""to"":{""id"":5684093,""name"":""CD Cornisa Azul"",""icon"":""icons/42.png""},""amount"":2110850}"
399,3,market,1759899923,2025-10-08T05:05:23+00:00,False,,,,38355,1330010,,,10089858,Karlox F.C.,"{""player"":38355,""to"":{""id"":10089858,""name"":""Karlox F.C."",""icon"":""icons/7.png""},""amount"":1330010}"
400,0,transfer,1759821726,2025-10-07T07:22:06+00:00,False,,,,12400,3804900,10089858,Karlox F.C.,,,"{""player"":12400,""from"":{""id"":10089858,""name"":""Karlox F.C."",""icon"":""icons/7.png""},""amount"":3804900}"
400,1,transfer,1759821726,2025-10-07T07:22:06+00:00,False,,,,29908,1282100,10089858,Karlox F.C.,,,"{""player"":29908,""from"":{""id"":10089858,""name"":""Karlox F.C."",""icon"":""icons/7.png""},""amount"":1282100}"
401,0,transfer,1759820087,2025-10-07T06:54:47+00:00,False,,,,25778,844000,8127478,Arregui,,,"{""player"":25778,""from"":{""id"":8127478,""name"":""Arregui"",""icon"":""https://lh3.googleusercontent.com/a/AItbvmlJOQCrYJFKsWPDYSjpqt1A7kAZJUhj-ZkmC-6Q=s300-c""},""amount"":844000}"
401,1,transfer,1759820087,2025-10-07T06:54:47+00:00,False,,,,1769,4370800,8127478,Arregui,,,"{""player"":1769,""from"":{""id"":8127478,""name"":""Arregui"",""icon"":""https://lh3.googleusercontent.com/a/AItbvmlJOQCrYJFKsWPDYSjpqt1A7kAZJUhj-ZkmC-6Q=s300-c""},""amount"":4370800}"
401,2,transfer,1759820087,2025-10-07T06:54:47+00:00,False,,,,26678,1795400,6822272,Ricardo J,,,"{""player"":26678,""from"":{""id"":6822272,""name"":""Ricardo J""},""amount"":1795400}"
402,0,market,1759813730,2025-10-07T05:08:50+00:00,False,,,,38289,8111111,,,10089858,Karlox F.C.,"{""player"":38289,""to"":{""id"":10089858,""name"":""Karlox F.C."",""icon"":""icons/7.png""},""amount"":8111111,""bids"":[{""user"":{""id"":5684093,""name"":""CD Cornisa Azul"",""icon"":""icons/42.png""},""amount"":7865000},{""user"":{""id"":6822272,""name"":""Ricardo J""},""amount"":7780000}]}"
402,1,market,1759813730,2025-10-07T05:08:50+00:00,False,,,,38449,510000,,,5684093,CD Cornisa Azul,"{""player"":38449,""to"":{""id"":5684093,""name"":""CD Cornisa Azul"",""icon"":""icons/42.png""},""amount"":510000,""bids"":[{""user"":{""id"":8128710,""name"":""Los vengadores"",""icon"":""icons/11.png""},""amount"":465000}]}"
403,0,transfer,1759788035,2025-10-06T22:00:35+00:00,False,,,,19485,2904200,5684093,CD Cornisa Azul,,,"{""player"":19485,""from"":{""id"":5684093,""name"":""CD Cornisa Azul"",""icon"":""icons/42.png""},""amount"":2904200}"
404,0,transfer,1759733074,2025-10-06T06:44:34+00:00,False,,,,24576,4574100,8128710,Los vengadores,,,"{""player"":24576,""from"":{""id"":8128710,""name"":""Los vengadores"",""icon"":""icons/11.png""},""amount"":4574100}"
405,0,market,1759727514,2025-10-06T05:11:54+00:00,False,,,,30510,388000,,,8128710,Los vengadores,"{""player"":30510,""to"":{""id"":8128710,""name"":""Los vengadores"",""icon"":""icons/11.png""},""amount"":388000}"
405,1,market,1759727514,2025-10-06T05:11:54+00:00,False,,,,23880,2912000,,,8128710,Los vengadores,"{""player"":23880,""to"":{""id"":8128710,""name"":""Los vengadores"",""icon"":""icons/11.png""},""amount"":2912000}"
405,2,market,1759727514,2025-10-06T05:11:54+00:00,False,,,,26068,2340000,,,8128710,Los vengadores,"{""player"":26068,""to"":{""id"":8128710,""name"":""Los vengadores"",""icon"":""icons/11.png""},""amount"":2340000}"
406,0,transfer,1759686359,2025-10-05T17:45:59+00:00,False,,,,25396,1277500,5684093,CD Cornisa Azul,,,"{""player"":25396,""from"":{""id"":5684093,""name"":""CD Cornisa Azul"",""icon"":""icons/42.png""},""amount"":1277500}"
407,0,transfer,1759672245,2025-10-05T13:50:45+00:00,False,,,,37725,4027000,8128710,Los vengadores,,,"{""player"":37725,""from"":{""id"":8128710,""name"":""Los vengadores"",""icon"":""icons/11.png""},""amount"":4027000}"
408,0,market,1759640843,2025-10-05T05:07:23+00:00,False,,,,2597,7800000,,,8127478,Arregui,"{""player"":2597,""to"":{""id"":8127478,""name"":""Arregui"",""icon"":""https://lh3.googleusercontent.com/a/AItbvmlJOQCrYJFKsWPDYSjpqt1A7kAZJUhj-ZkmC-6Q=s300-c""},""amount"":7800000,""bids"":[{""user"":{""id"":6822272,""name"":""Ricardo J""},""amount"":7790000},{""user"":{""id"":11678835,""name"":""Julia"",""icon"":""https://graph.facebook.com/10218096465979952/picture?height=300&width=300""},""amount"":7280000}]}"
408,1,market,1759640843,2025-10-05T05:07:23+00:00,False,,,,35344,7500000,,,8127478,Arregui,"{""player"":35344,""to"":{""id"":8127478,""name"":""Arregui"",""icon"":""https://lh3.googleusercontent.com/a/AItbvmlJOQCrYJFKsWPDYSjpqt1A7kAZJUhj-ZkmC-6Q=s300-c""},""amount"":7500000}"
408,2,market,1759640843,2025-10-05T05:07:23+00:00,False,,,,10276,8125000,,,5684093,CD Cornisa Azul,"{""player"":10276,""to"":{""id"":5684093,""name"":""CD Cornisa Azul"",""icon"":""icons/42.png""},""amount"":8125000,""bids"":[{""user"":{""id"":6822272,""name"":""Ricardo J""},""amount"":7160000},{""user"":{""id"":8128710,""name"":""Los vengadores"",""icon"":""icons/11.png""},""amount"":6780000}]}"
409,0,transfer,1759619083,2025-10-04T23:04:43+00:00,False,,,,8747,3918700,8128710,Los vengadores,,,"{""player"":8747,""from"":{""id"":8128710,""name"":""Los vengadores"",""icon"":""icons/11.png""},""amount"":3918700}"
410,0,transfer,1759589425,2025-10-04T14:50:25+00:00,False,,,,755,978000,8128710,Los vengadores,,,"{""player"":755,""from"":{""id"":8128710,""name"":""Los vengadores"",""icon"":""icons/11.png""},""amount"":978000}"
411,0,market,1759554623,2025-10-04T05:10:23+00:00,False,,,,37725,3880000,,,8128710,Los vengadores,"{""player"":37725,""to"":{""id"":8128710,""name"":""Los vengadores"",""icon"":""icons/11.png""},""amount"":3880000}"
411,1,market,1759554623,2025-10-04T05:10:23+00:00,False,,,,23809,566000,,,8128710,Los vengadores,"{""player"":23809,""to"":{""id"":8128710,""name"":""Los vengadores"",""icon"":""icons/11.png""},""amount"":566000}"
411,2,market,1759554623,2025-10-04T05:10:23+00:00,False,,,,38216,1026000,,,8128710,Los vengadores,"{""player"":38216,""to"":{""id"":8128710,""name"":""Los vengadores"",""icon"":""icons/11.png""},""amount"":1026000}"
411,3,market,1759554623,2025-10-04T05:10:23+00:00,False,,,,24576,4621000,,,8128710,Los vengadores,"{""player"":24576,""to"":{""id"":8128710,""name"":""Los vengadores"",""icon"":""icons/11.png""},""amount"":4621000}"
412,0,transfer,1759473027,2025-10-03T06:30:27+00:00,False,,,,19862,4823200,10089858,Karlox F.C.,,,"{""player"":19862,""from"":{""id"":10089858,""name"":""Karlox F.C."",""icon"":""icons/7.png""},""amount"":4823200}"
413,0,transfer,1759469475,2025-10-03T05:31:15+00:00,False,,,,31707,7853600,6822272,Ricardo J,,,"{""player"":31707,""from"":{""id"":6822272,""name"":""Ricardo J""},""amount"":7853600}"
413,1,transfer,1759469475,2025-10-03T05:31:15+00:00,False,,,,10117,187000,6822272,Ricardo J,,,"{""player"":10117,""from"":{""id"":6822272,""name"":""Ricardo J""},""amount"":187000}"
413,2,transfer,1759469475,2025-10-03T05:31:15+00:00,False,,,,25592,145800,6822272,Ricardo J,,,"{""player"":25592,""from"":{""id"":6822272,""name"":""Ricardo J""},""amount"":145800}"
413,3,transfer,1759469475,2025-10-03T05:31:15+00:00,False,,,,28082,353300,6822272,Ricardo J,,,"{""player"":28082,""from"":{""id"":6822272,""name"":""Ricardo J""},""amount"":353300}"
414,0,market,1759468179,2025-10-03T05:09:39+00:00,False,,,,1083,3190000,,,6822272,Ricardo J,"{""player"":1083,""to"":{""id"":6822272,""name"":""Ricardo J""},""amount"":3190000,""bids"":[{""user"":{""id"":6826480,""name"":""Víctor Orta"",""icon"":""i/u/6826480.png""},""amount"":2783000}]}"
414,1,market,1759468179,2025-10-03T05:09:39+00:00,False,,,,21145,780000,,,8127478,Arregui,"{""player"":21145,""to"":{""id"":8127478,""name"":""Arregui"",""icon"":""https://lh3.googleusercontent.com/a/AItbvmlJOQCrYJFKsWPDYSjpqt1A7kAZJUhj-ZkmC-6Q=s300-c""},""amount"":780000,""bids"":[{""user"":{""id"":6826480,""name"":""Víctor Orta"",""icon"":""i/u/6826480.png""},""amount"":772000},{""user"":{""id"":10089858,""name"":""Karlox F.C."",""icon"":""icons/7.png""},""amount"":769000}]}"
414,2,market,1759468179,2025-10-03T05:09:39+00:00,False,,,,21068,4111111,,,10089858,Karlox F.C.,"{""player"":21068,""to"":{""id"":10089858,""name"":""Karlox F.C."",""icon"":""icons/7.png""},""amount"":4111111}"
414,3,market,1759468179,2025-10-03T05:09:39+00:00,False,,,,1153,4700666,,,5684093,CD Cornisa Azul,"{""player"":1153,""to"":{""id"":5684093,""name"":""CD Cornisa Azul"",""icon"":""icons/42.png""},""amount"":4700666}"
415,0,market,1759381791,2025-10-02T05:09:51+00:00,False,,,,6871,410000,,,6822272,Ricardo J,"{""player"":6871,""to"":{""id"":6822272,""name"":""Ricardo J""},""amount"":410000}"
415,1,market,1759381791,2025-10-02T05:09:51+00:00,False,,,,29908,1380010,,,10089858,Karlox F.C.,"{""player"":29908,""to"":{""id"":10089858,""name"":""Karlox F.C."",""icon"":""icons/7.png""},""amount"":1380010}"
415,2,market,1759381791,2025-10-02T05:09:51+00:00,False,,,,1074,3230000,,,11678835,Julia,"{""player"":1074,""to"":{""id"":11678835,""name"":""Julia"",""icon"":""https://graph.facebook.com/10218096465979952/picture?height=300&width=300""},""amount"":3230000}"
416,0,transfer,1759332146,2025-10-01T15:22:26+00:00,False,,,,22073,1690200,6822272,Ricardo J,,,"{""player"":22073,""from"":{""id"":6822272,""name"":""Ricardo J""},""amount"":1690200}"
416,1,transfer,1759332146,2025-10-01T15:22:26+00:00,False,,,,14800,1718900,6822272,Ricardo J,,,"{""player"":14800,""from"":{""id"":6822272,""name"":""Ricardo J""},""amount"":1718900}"
417,0,transfer,1759302785,2025-10-01T07:13:05+00:00,False,,,,15471,1613700,6822272,Ricardo J,,,"{""player"":15471,""from"":{""id"":6822272,""name"":""Ricardo J""},""amount"":1613700}"
418,0,market,1759295147,2025-10-01T05:05:47+00:00,False,,,,12087,375000,,,5684093,CD Cornisa Azul,"{""player"":12087,""to"":{""id"":5684093,""name"":""CD Cornisa Azul"",""icon"":""icons/42.png""},""amount"":375000}"
418,1,market,1759295147,2025-10-01T05:05:47+00:00,False,,,,1249,6590000,,,6822272,Ricardo J,"{""player"":1249,""to"":{""id"":6822272,""name"":""Ricardo J""},""amount"":6590000}"
419,0,transfer,1759234654,2025-09-30T12:17:34+00:00,False,,,,1876,1504800,6826480,Víctor Orta,,,"{""player"":1876,""from"":{""id"":6826480,""name"":""Víctor Orta"",""icon"":""i/u/6826480.png""},""amount"":1504800}"
419,1,transfer,1759234654,2025-09-30T12:17:34+00:00,False,,,,21084,3414400,6826480,Víctor Orta,,,"{""player"":21084,""from"":{""id"":6826480,""name"":""Víctor Orta"",""icon"":""i/u/6826480.png""},""amount"":3414400}"
420,0,transfer,1759216170,2025-09-30T07:09:30+00:00,False,,,,28309,3596200,6822272,Ricardo J,,,"{""player"":28309,""from"":{""id"":6822272,""name"":""Ricardo J""},""amount"":3596200}"
421,0,transfer,1759213352,2025-09-30T06:22:32+00:00,False,,,,5717,552600,10089858,Karlox F.C.,,,"{""player"":5717,""from"":{""id"":10089858,""name"":""Karlox F.C."",""icon"":""icons/7.png""},""amount"":552600}"
422,0,market,1759209011,2025-09-30T05:10:11+00:00,False,,,,26095,1131000,,,8128710,Los vengadores,"{""player"":26095,""to"":{""id"":8128710,""name"":""Los vengadores"",""icon"":""icons/11.png""},""amount"":1131000}"
422,1,market,1759209011,2025-09-30T05:10:11+00:00,False,,,,32440,6400000,,,6826480,Víctor Orta,"{""player"":32440,""to"":{""id"":6826480,""name"":""Víctor Orta"",""icon"":""i/u/6826480.png""},""amount"":6400000}"
422,2,market,1759209011,2025-09-30T05:10:11+00:00,False,,,,755,1021000,,,8128710,Los vengadores,"{""player"":755,""to"":{""id"":8128710,""name"":""Los vengadores"",""icon"":""icons/11.png""},""amount"":1021000}"
423,0,transfer,1759128295,2025-09-29T06:44:55+00:00,False,,,,15455,1592400,6822272,Ricardo J,,,"{""player"":15455,""from"":{""id"":6822272,""name"":""Ricardo J""},""amount"":1592400}"
424,0,transfer,1759123037,2025-09-29T05:17:17+00:00,False,,,,897,3767300,11678835,Julia,,,"{""player"":897,""from"":{""id"":11678835,""name"":""Julia"",""icon"":""https://graph.facebook.com/10218096465979952/picture?height=300&width=300""},""amount"":3767300}"
425,0,market,1759122401,2025-09-29T05:06:41+00:00,False,,,,21008,11255000,,,6822272,Ricardo J,"{""player"":21008,""to"":{""id"":6822272,""name"":""Ricardo J""},""amount"":11255000,""bids"":[{""user"":{""id"":5684093,""name"":""CD Cornisa Azul"",""icon"":""icons/42.png""},""amount"":11100000},{""user"":{""id"":10089858,""name"":""Karlox F.C."",""icon"":""icons/7.png""},""amount"":10588010}]}"
425,1,market,1759122401,2025-09-29T05:06:41+00:00,False,,,,35615,5080000,,,11678835,Julia,"{""player"":35615,""to"":{""id"":11678835,""name"":""Julia"",""icon"":""https://graph.facebook.com/10218096465979952/picture?height=300&width=300""},""amount"":5080000}"
426,0,transfer,1759084391,2025-09-28T18:33:11+00:00,False,,,,1969,2011400,8128710,Los vengadores,,,"{""player"":1969,""from"":{""id"":8128710,""name"":""Los vengadores"",""icon"":""icons/11.png""},""amount"":2011400}"
427,0,market,1759036132,2025-09-28T05:08:52+00:00,False,,,,1462,1416000,,,8128710,Los vengadores,"{""player"":1462,""to"":{""id"":8128710,""name"":""Los vengadores"",""icon"":""icons/11.png""},""amount"":1416000,""bids"":[{""user"":{""id"":6822272,""name"":""Ricardo J""},""amount"":1410000}]}"
427,1,market,1759036132,2025-09-28T05:08:52+00:00,False,,,,15471,1650000,,,6822272,Ricardo J,"{""player"":15471,""to"":{""id"":6822272,""name"":""Ricardo J""},""amount"":1650000}"
428,0,transfer,1758892538,2025-09-26T13:15:38+00:00,False,,,,25394,156100,6826480,Víctor Orta,,,"{""player"":25394,""from"":{""id"":6826480,""name"":""Víctor Orta"",""icon"":""i/u/6826480.png""},""amount"":156100}"
429,0,transfer,1758878398,2025-09-26T09:19:58+00:00,False,,,,37897,2138600,10089858,Karlox F.C.,,,"{""player"":37897,""from"":{""id"":10089858,""name"":""Karlox F.C."",""icon"":""icons/7.png""},""amount"":2138600}"
430,0,transfer,1758865988,2025-09-26T05:53:08+00:00,False,,,,30123,4089800,5684093,CD Cornisa Azul,,,"{""player"":30123,""from"":{""id"":5684093,""name"":""CD Cornisa Azul"",""icon"":""icons/42.png""},""amount"":4089800}"
430,1,transfer,1758865988,2025-09-26T05:53:08+00:00,False,,,,755,1153100,5684093,CD Cornisa Azul,,,"{""player"":755,""from"":{""id"":5684093,""name"":""CD Cornisa Azul"",""icon"":""icons/42.png""},""amount"":1153100}"
431,0,market,1758863266,2025-09-26T05:07:46+00:00,False,,,,7003,4170000,,,6822272,Ricardo J,"{""player"":7003,""to"":{""id"":6822272,""name"":""Ricardo J""},""amount"":4170000}"
431,1,market,1758863266,2025-09-26T05:07:46+00:00,False,,,,26678,1620000,,,6822272,Ricardo J,"{""player"":26678,""to"":{""id"":6822272,""name"":""Ricardo J""},""amount"":1620000,""bids"":[{""user"":{""id"":8128710,""name"":""Los vengadores"",""icon"":""icons/11.png""},""amount"":1610000}]}"
431,2,market,1758863266,2025-09-26T05:07:46+00:00,False,,,,25778,900000,,,8127478,Arregui,"{""player"":25778,""to"":{""id"":8127478,""name"":""Arregui"",""icon"":""https://lh3.googleusercontent.com/a/AItbvmlJOQCrYJFKsWPDYSjpqt1A7kAZJUhj-ZkmC-6Q=s300-c""},""amount"":900000,""bids"":[{""user"":{""id"":6822272,""name"":""Ricardo J""},""amount"":710000},{""user"":{""id"":11678835,""name"":""Julia"",""icon"":""https://graph.facebook.com/10218096465979952/picture?height=300&width=300""},""amount"":650000}]}"
431,3,market,1758863266,2025-09-26T05:07:46+00:00,False,,,,38075,371000,,,8128710,Los vengadores,"{""player"":38075,""to"":{""id"":8128710,""name"":""Los vengadores"",""icon"":""icons/11.png""},""amount"":371000}"
432,0,transfer,1758861552,2025-09-26T04:39:12+00:00,False,,,,2368,2162600,10089858,Karlox F.C.,,,"{""player"":2368,""from"":{""id"":10089858,""name"":""Karlox F.C."",""icon"":""icons/7.png""},""amount"":2162600}"
433,0,transfer,1758830840,2025-09-25T20:07:20+00:00,False,,,,34131,550200,8128710,Los vengadores,,,"{""player"":34131,""from"":{""id"":8128710,""name"":""Los vengadores"",""icon"":""icons/11.png""},""amount"":550200}"
434,0,transfer,1758788561,2025-09-25T08:22:41+00:00,False,,,,31020,4437000,8127478,Arregui,,,"{""player"":31020,""from"":{""id"":8127478,""name"":""Arregui"",""icon"":""https://lh3.googleusercontent.com/a/AItbvmlJOQCrYJFKsWPDYSjpqt1A7kAZJUhj-ZkmC-6Q=s300-c""},""amount"":4437000}"
435,0,transfer,1758780303,2025-09-25T06:05:03+00:00,False,,,,30502,4275800,5684093,CD Cornisa Azul,,,"{""player"":30502,""from"":{""id"":5684093,""name"":""CD Cornisa Azul"",""icon"":""icons/42.png""},""amount"":4275800}"
436,0,market,1758776849,2025-09-25T05:07:29+00:00,False,,,,5717,600001,,,10089858,Karlox F.C.,"{""player"":5717,""to"":{""id"":10089858,""name"":""Karlox F.C."",""icon"":""icons/7.png""},""amount"":600001,""bids"":[{""user"":{""id"":8128710,""name"":""Los vengadores"",""icon"":""icons/11.png""},""amount"":572000},{""user"":{""id"":11678835,""name"":""Julia"",""icon"":""https://graph.facebook.com/10218096465979952/picture?height=300&width=300""},""amount"":570000}]}"
436,1,market,1758776849,2025-09-25T05:07:29+00:00,False,,,,30477,13810000,,,5684093,CD Cornisa Azul,"{""player"":30477,""to"":{""id"":5684093,""name"":""CD Cornisa Azul"",""icon"":""icons/42.png""},""amount"":13810000,""bids"":[{""user"":{""id"":6822272,""name"":""Ricardo J""},""amount"":13190000}]}"
436,2,market,1758776849,2025-09-25T05:07:29+00:00,False,,,,30789,5388888,,,10089858,Karlox F.C.,"{""player"":30789,""to"":{""id"":10089858,""name"":""Karlox F.C."",""icon"":""icons/7.png""},""amount"":5388888}"
437,0,transfer,1758698787,2025-09-24T07:26:27+00:00,False,,,,31027,14567000,6822272,Ricardo J,,,"{""player"":31027,""from"":{""id"":6822272,""name"":""Ricardo J""},""amount"":14567000}"
438,0,transfer,1758691857,2025-09-24T05:30:57+00:00,False,,,,10158,1347800,11678835,Julia,,,"{""player"":10158,""from"":{""id"":11678835,""name"":""Julia"",""icon"":""https://graph.facebook.com/10218096465979952/picture?height=300&width=300""},""amount"":1347800}"
439,0,market,1758690482,2025-09-24T05:08:02+00:00,False,,,,18173,6870000,,,6822272,Ricardo J,"{""player"":18173,""to"":{""id"":6822272,""name"":""Ricardo J""},""amount"":6870000,""bids"":[{""user"":{""id"":6826480,""name"":""Víctor Orta"",""icon"":""i/u/6826480.png""},""amount"":6420000}]}"
439,1,market,1758690482,2025-09-24T05:08:02+00:00,False,,,,38493,2560000,,,6822272,Ricardo J,"{""player"":38493,""to"":{""id"":6822272,""name"":""Ricardo J""},""amount"":2560000,""bids"":[{""user"":{""id"":8128710,""name"":""Los vengadores"",""icon"":""icons/11.png""},""amount"":2372000}]}"
439,2,market,1758690482,2025-09-24T05:08:02+00:00,False,,,,13994,300000,,,11678835,Julia,"{""player"":13994,""to"":{""id"":11678835,""name"":""Julia"",""icon"":""https://graph.facebook.com/10218096465979952/picture?height=300&width=300""},""amount"":300000}"
440,0,transfer,1758609421,2025-09-23T06:37:01+00:00,False,,,,26592,3189700,11678835,Julia,,,"{""player"":26592,""from"":{""id"":11678835,""name"":""Julia"",""icon"":""https://graph.facebook.com/10218096465979952/picture?height=300&width=300""},""amount"":3189700}"
440,1,transfer,1758609421,2025-09-23T06:37:01+00:00,False,,,,19614,2369900,11678835,Julia,,,"{""player"":19614,""from"":{""id"":11678835,""name"":""Julia"",""icon"":""https://graph.facebook.com/10218096465979952/picture?height=300&width=300""},""amount"":2369900}"
440,2,transfer,1758609421,2025-09-23T06:37:01+00:00,False,,,,37460,1515300,11678835,Julia,,,"{""player"":37460,""from"":{""id"":11678835,""name"":""Julia"",""icon"":""https://graph.facebook.com/10218096465979952/picture?height=300&width=300""},""amount"":1515300}"
441,0,market,1758603938,2025-09-23T05:05:38+00:00,False,,,,34803,150000,,,11678835,Julia,"{""player"":34803,""to"":{""id"":11678835,""name"":""Julia"",""icon"":""https://graph.facebook.com/10218096465979952/picture?height=300&width=300""},""amount"":150000}"
441,1,market,1758603938,2025-09-23T05:05:38+00:00,False,,,,18397,5540000,,,8127478,Arregui,"{""player"":18397,""to"":{""id"":8127478,""name"":""Arregui"",""icon"":""https://lh3.googleusercontent.com/a/AItbvmlJOQCrYJFKsWPDYSjpqt1A7kAZJUhj-ZkmC-6Q=s300-c""},""amount"":5540000}"
441,2,market,1758603938,2025-09-23T05:05:38+00:00,False,,,,19445,8700000,,,11678835,Julia,"{""player"":19445,""to"":{""id"":11678835,""name"":""Julia"",""icon"":""https://graph.facebook.com/10218096465979952/picture?height=300&width=300""},""amount"":8700000,""bids"":[{""user"":{""id"":10089858,""name"":""Karlox F.C."",""icon"":""icons/7.png""},""amount"":7888888},{""user"":{""id"":6822272,""name"":""Ricardo J""},""amount"":7850000}]}"
441,3,market,1758603938,2025-09-23T05:05:38+00:00,False,,,,37715,150010,,,10089858,Karlox F.C.,"{""player"":37715,""to"":{""id"":10089858,""name"":""Karlox F.C."",""icon"":""icons/7.png""},""amount"":150010,""bids"":[{""user"":{""id"":8127478,""name"":""Arregui"",""icon"":""https://lh3.googleusercontent.com/a/AItbvmlJOQCrYJFKsWPDYSjpqt1A7kAZJUhj-ZkmC-6Q=s300-c""},""amount"":150000}]}"
441,4,market,1758603938,2025-09-23T05:05:38+00:00,False,,,,26566,4322000,,,11678835,Julia,"{""player"":26566,""to"":{""id"":11678835,""name"":""Julia"",""icon"":""https://graph.facebook.com/10218096465979952/picture?height=300&width=300""},""amount"":4322000,""bids"":[{""user"":{""id"":6822272,""name"":""Ricardo J""},""amount"":4190000},{""user"":{""id"":8128710,""name"":""Los vengadores"",""icon"":""icons/11.png""},""amount"":3846000}]}"
442,0,transfer,1758541820,2025-09-22T11:50:20+00:00,False,,,,23880,2655500,5684093,CD Cornisa Azul,,,"{""player"":23880,""from"":{""id"":5684093,""name"":""CD Cornisa Azul"",""icon"":""icons/42.png""},""amount"":2655500}"
443,0,market,1758517670,2025-09-22T05:07:50+00:00,False,,,,15455,1610000,,,6822272,Ricardo J,"{""player"":15455,""to"":{""id"":6822272,""name"":""Ricardo J""},""amount"":1610000,""bids"":[{""user"":{""id"":8128710,""name"":""Los vengadores"",""icon"":""icons/11.png""},""amount"":1588000}]}"
443,1,market,1758517670,2025-09-22T05:07:50+00:00,False,,,,32629,2200000,,,6826480,Víctor Orta,"{""player"":32629,""to"":{""id"":6826480,""name"":""Víctor Orta"",""icon"":""i/u/6826480.png""},""amount"":2200000}"
443,2,market,1758517670,2025-09-22T05:07:50+00:00,False,,,,5807,846000,,,8128710,Los vengadores,"{""player"":5807,""to"":{""id"":8128710,""name"":""Los vengadores"",""icon"":""icons/11.png""},""amount"":846000}"
443,3,market,1758517670,2025-09-22T05:07:50+00:00,False,,,,32363,3770000,,,6826480,Víctor Orta,"{""player"":32363,""to"":{""id"":6826480,""name"":""Víctor Orta"",""icon"":""i/u/6826480.png""},""amount"":3770000}"
443,4,market,1758517670,2025-09-22T05:07:50+00:00,False,,,,33971,1238000,,,8128710,Los vengadores,"{""player"":33971,""to"":{""id"":8128710,""name"":""Los vengadores"",""icon"":""icons/11.png""},""amount"":1238000}"
444,0,transfer,1758488551,2025-09-21T21:02:31+00:00,False,,,,1992,673100,8128710,Los vengadores,,,"{""player"":1992,""from"":{""id"":8128710,""name"":""Los vengadores"",""icon"":""icons/11.png""},""amount"":673100}"
445,0,transfer,1758446111,2025-09-21T09:15:11+00:00,False,,,,742,2531200,6826480,Víctor Orta,,,"{""player"":742,""from"":{""id"":6826480,""name"":""Víctor Orta"",""icon"":""i/u/6826480.png""},""amount"":2531200}"
446,0,market,1758431318,2025-09-21T05:08:38+00:00,False,,,,28309,3180000,,,6822272,Ricardo J,"{""player"":28309,""to"":{""id"":6822272,""name"":""Ricardo J""},""amount"":3180000,""bids"":[{""user"":{""id"":11678835,""name"":""Julia"",""icon"":""https://graph.facebook.com/10218096465979952/picture?height=300&width=300""},""amount"":3010000}]}"
446,1,market,1758431318,2025-09-21T05:08:38+00:00,False,,,,1969,2251000,,,8128710,Los vengadores,"{""player"":1969,""to"":{""id"":8128710,""name"":""Los vengadores"",""icon"":""icons/11.png""},""amount"":2251000}"
447,0,transfer,1758401170,2025-09-20T20:46:10+00:00,False,,,,21,608400,8128710,Los vengadores,,,"{""player"":21,""from"":{""id"":8128710,""name"":""Los vengadores"",""icon"":""icons/11.png""},""amount"":608400}"
448,0,transfer,1758379198,2025-09-20T14:39:58+00:00,False,,,,35763,1591000,11678835,Julia,,,"{""player"":35763,""from"":{""id"":11678835,""name"":""Julia"",""icon"":""https://graph.facebook.com/10218096465979952/picture?height=300&width=300""},""amount"":1591000}"
449,0,transfer,1758352398,2025-09-20T07:13:18+00:00,False,,,,9887,4385000,6822272,Ricardo J,,,"{""player"":9887,""from"":{""id"":6822272,""name"":""Ricardo J""},""amount"":4385000}"
450,0,transfer,1758299062,2025-09-19T16:24:22+00:00,False,,,,25400,4628200,8128710,Los vengadores,,,"{""player"":25400,""from"":{""id"":8128710,""name"":""Los vengadores"",""icon"":""icons/11.png""},""amount"":4628200}"
450,1,transfer,1758299062,2025-09-19T16:24:22+00:00,False,,,,19297,4954900,8128710,Los vengadores,,,"{""player"":19297,""from"":{""id"":8128710,""name"":""Los vengadores"",""icon"":""icons/11.png""},""amount"":4954900}"
451,0,transfer,1758269770,2025-09-19T08:16:10+00:00,False,,,,32456,449500,5684093,CD Cornisa Azul,,,"{""player"":32456,""from"":{""id"":5684093,""name"":""CD Cornisa Azul"",""icon"":""icons/42.png""},""amount"":449500}"
452,0,transfer,1758258752,2025-09-19T05:12:32+00:00,False,,,,11633,4004300,11678835,Julia,,,"{""player"":11633,""from"":{""id"":11678835,""name"":""Julia"",""icon"":""https://graph.facebook.com/10218096465979952/picture?height=300&width=300""},""amount"":4004300}"
452,1,transfer,1758258752,2025-09-19T05:12:32+00:00,False,,,,33972,1450300,10089858,Karlox F.C.,,,"{""player"":33972,""from"":{""id"":10089858,""name"":""Karlox F.C."",""icon"":""icons/7.png""},""amount"":1450300}"
453,0,market,1758258293,2025-09-19T05:04:53+00:00,False,,,,16317,7130000,,,11678835,Julia,"{""player"":16317,""to"":{""id"":11678835,""name"":""Julia"",""icon"":""https://graph.facebook.com/10218096465979952/picture?height=300&width=300""},""amount"":7130000}"
453,1,market,1758258293,2025-09-19T05:04:53+00:00,False,,,,38144,152000,,,8128710,Los vengadores,"{""player"":38144,""to"":{""id"":8128710,""name"":""Los vengadores"",""icon"":""icons/11.png""},""amount"":152000}"
453,2,market,1758258293,2025-09-19T05:04:53+00:00,False,,,,31243,5260000,,,8128710,Los vengadores,"{""player"":31243,""to"":{""id"":8128710,""name"":""Los vengadores"",""icon"":""icons/11.png""},""amount"":5260000}"
453,3,market,1758258293,2025-09-19T05:04:53+00:00,False,,,,1992,726000,,,8128710,Los vengadores,"{""player"":1992,""to"":{""id"":8128710,""name"":""Los vengadores"",""icon"":""icons/11.png""},""amount"":726000}"
453,4,market,1758258293,2025-09-19T05:04:53+00:00,False,,,,23880,2550000,,,5684093,CD Cornisa Azul,"{""player"":23880,""to"":{""id"":5684093,""name"":""CD Cornisa Azul"",""icon"":""icons/42.png""},""amount"":2550000}"
454,0,transfer,1758225890,2025-09-18T20:04:50+00:00,False,,,,257,5472800,8128710,Los vengadores,,,"{""player"":257,""from"":{""id"":8128710,""name"":""Los vengadores"",""icon"":""icons/11.png""},""amount"":5472800}"
455,0,transfer,1758173986,2025-09-18T05:39:46+00:00,False,,,,17148,1840100,6822272,Ricardo J,,,"{""player"":17148,""from"":{""id"":6822272,""name"":""Ricardo J""},""amount"":1840100}"
456,0,transfer,1758172107,2025-09-18T05:08:27+00:00,False,,,,6259,3540800,10089858,Karlox F.C.,,,"{""player"":6259,""from"":{""id"":10089858,""name"":""Karlox F.C."",""icon"":""icons/7.png""},""amount"":3540800}"
457,0,market,1758171809,2025-09-18T05:03:29+00:00,False,,,,12526,8111999,,,10089858,Karlox F.C.,"{""player"":12526,""to"":{""id"":10089858,""name"":""Karlox F.C."",""icon"":""icons/7.png""},""amount"":8111999}"
457,1,market,1758171809,2025-09-18T05:03:29+00:00,False,,,,23006,150000,,,8128710,Los vengadores,"{""player"":23006,""to"":{""id"":8128710,""name"":""Los vengadores"",""icon"":""icons/11.png""},""amount"":150000}"
458,0,transfer,1758138720,2025-09-17T19:52:00+00:00,False,,,,1927,3012200,6822272,Ricardo J,,,"{""player"":1927,""from"":{""id"":6822272,""name"":""Ricardo J""},""amount"":3012200}"
459,0,market,1758085491,2025-09-17T05:04:51+00:00,False,,,,91,3700000,,,8127478,Arregui,"{""player"":91,""to"":{""id"":8127478,""name"":""Arregui"",""icon"":""https://lh3.googleusercontent.com/a/AItbvmlJOQCrYJFKsWPDYSjpqt1A7kAZJUhj-ZkmC-6Q=s300-c""},""amount"":3700000}"
459,1,market,1758085491,2025-09-17T05:04:51+00:00,False,,,,38867,2740010,,,10089858,Karlox F.C.,"{""player"":38867,""to"":{""id"":10089858,""name"":""Karlox F.C."",""icon"":""icons/7.png""},""amount"":2740010}"
459,2,market,1758085491,2025-09-17T05:04:51+00:00,False,,,,27960,1740000,,,8127478,Arregui,"{""player"":27960,""to"":{""id"":8127478,""name"":""Arregui"",""icon"":""https://lh3.googleusercontent.com/a/AItbvmlJOQCrYJFKsWPDYSjpqt1A7kAZJUhj-ZkmC-6Q=s300-c""},""amount"":1740000}"
460,0,transfer,1758005384,2025-09-16T06:49:44+00:00,False,,,,38072,2250800,6822272,Ricardo J,,,"{""player"":38072,""from"":{""id"":6822272,""name"":""Ricardo J""},""amount"":2250800}"
460,1,transfer,1758005384,2025-09-16T06:49:44+00:00,False,,,,32440,5988100,8128710,Los vengadores,,,"{""player"":32440,""from"":{""id"":8128710,""name"":""Los vengadores"",""icon"":""icons/11.png""},""amount"":5988100}"
461,0,market,1757999377,2025-09-16T05:09:37+00:00,False,,,,16821,1870000,,,6822272,Ricardo J,"{""player"":16821,""to"":{""id"":6822272,""name"":""Ricardo J""},""amount"":1870000,""bids"":[{""user"":{""id"":10089858,""name"":""Karlox F.C."",""icon"":""icons/7.png""},""amount"":1666666}]}"
461,1,market,1757999377,2025-09-16T05:09:37+00:00,False,,,,19577,24217640,,,8128710,Los vengadores,"{""player"":19577,""to"":{""id"":8128710,""name"":""Los vengadores"",""icon"":""icons/11.png""},""amount"":24217640}"
461,2,market,1757999377,2025-09-16T05:09:37+00:00,False,,,,9887,4090000,,,6822272,Ricardo J,"{""player"":9887,""to"":{""id"":6822272,""name"":""Ricardo J""},""amount"":4090000}"
462,0,transfer,1757970474,2025-09-15T21:07:54+00:00,False,,,,12424,371800,8128710,Los vengadores,,,"{""player"":12424,""from"":{""id"":8128710,""name"":""Los vengadores"",""icon"":""icons/11.png""},""amount"":371800}"
462,1,transfer,1757970474,2025-09-15T21:07:54+00:00,False,,,,27625,143100,8128710,Los vengadores,,,"{""player"":27625,""from"":{""id"":8128710,""name"":""Los vengadores"",""icon"":""icons/11.png""},""amount"":143100}"
463,0,transfer,1757955857,2025-09-15T17:04:17+00:00,False,,,,35615,3377600,8128710,Los vengadores,,,"{""player"":35615,""from"":{""id"":8128710,""name"":""Los vengadores"",""icon"":""icons/11.png""},""amount"":3377600}"
463,1,transfer,1757955857,2025-09-15T17:04:17+00:00,False,,,,26068,2361600,8128710,Los vengadores,,,"{""player"":26068,""from"":{""id"":8128710,""name"":""Los vengadores"",""icon"":""icons/11.png""},""amount"":2361600}"
463,2,transfer,1757955857,2025-09-15T17:04:17+00:00,False,,,,18178,3266500,8128710,Los vengadores,,,"{""player"":18178,""from"":{""id"":8128710,""name"":""Los vengadores"",""icon"":""icons/11.png""},""amount"":3266500}"
463,3,transfer,1757955857,2025-09-15T17:04:17+00:00,False,,,,15464,2717600,8128710,Los vengadores,,,"{""player"":15464,""from"":{""id"":8128710,""name"":""Los vengadores"",""icon"":""icons/11.png""},""amount"":2717600}"
464,0,transfer,1757925153,2025-09-15T08:32:33+00:00,False,,,,10574,1205700,8127478,Arregui,,,"{""player"":10574,""from"":{""id"":8127478,""name"":""Arregui"",""icon"":""https://lh3.googleusercontent.com/a/AItbvmlJOQCrYJFKsWPDYSjpqt1A7kAZJUhj-ZkmC-6Q=s300-c""},""amount"":1205700}"
465,0,market,1757912895,2025-09-15T05:08:15+00:00,False,,,,38964,3862570,,,5684093,CD Cornisa Azul,"{""player"":38964,""to"":{""id"":5684093,""name"":""CD Cornisa Azul"",""icon"":""icons/42.png""},""amount"":3862570,""bids"":[{""user"":{""id"":8128710,""name"":""Los vengadores"",""icon"":""icons/11.png""},""amount"":3380000}]}"
465,1,market,1757912895,2025-09-15T05:08:15+00:00,False,,,,32440,5890000,,,8128710,Los vengadores,"{""player"":32440,""to"":{""id"":8128710,""name"":""Los vengadores"",""icon"":""icons/11.png""},""amount"":5890000}"
465,2,market,1757912895,2025-09-15T05:08:15+00:00,False,,,,1876,1550000,,,6826480,Víctor Orta,"{""player"":1876,""to"":{""id"":6826480,""name"":""Víctor Orta"",""icon"":""i/u/6826480.png""},""amount"":1550000}"
466,0,transfer,1757887656,2025-09-14T22:07:36+00:00,False,,,,37713,355800,8128710,Los vengadores,,,"{""player"":37713,""from"":{""id"":8128710,""name"":""Los vengadores"",""icon"":""icons/11.png""},""amount"":355800}"
466,1,transfer,1757887656,2025-09-14T22:07:36+00:00,False,,,,38423,452000,8128710,Los vengadores,,,"{""player"":38423,""from"":{""id"":8128710,""name"":""Los vengadores"",""icon"":""icons/11.png""},""amount"":452000}"
467,0,transfer,1757886499,2025-09-14T21:48:19+00:00,False,,,,1074,2729500,8128710,Los vengadores,,,"{""player"":1074,""from"":{""id"":8128710,""name"":""Los vengadores"",""icon"":""icons/11.png""},""amount"":2729500}"
468,0,transfer,1757868515,2025-09-14T16:48:35+00:00,False,,,,2219,1207300,5684093,CD Cornisa Azul,,,"{""player"":2219,""from"":{""id"":5684093,""name"":""CD Cornisa Azul"",""icon"":""icons/42.png""},""amount"":1207300}"
468,1,transfer,1757868515,2025-09-14T16:48:35+00:00,False,,,,15396,1277100,5684093,CD Cornisa Azul,,,"{""player"":15396,""from"":{""id"":5684093,""name"":""CD Cornisa Azul"",""icon"":""icons/42.png""},""amount"":1277100}"
469,0,transfer,1757838015,2025-09-14T08:20:15+00:00,False,,,,11196,2713000,11678835,Julia,,,"{""player"":11196,""from"":{""id"":11678835,""name"":""Julia"",""icon"":""https://graph.facebook.com/10218096465979952/picture?height=300&width=300""},""amount"":2713000}"
470,0,market,1757826341,2025-09-14T05:05:41+00:00,False,,,,32135,2540000,,,11678835,Julia,"{""player"":32135,""to"":{""id"":11678835,""name"":""Julia"",""icon"":""https://graph.facebook.com/10218096465979952/picture?height=300&width=300""},""amount"":2540000,""bids"":[{""user"":{""id"":8127478,""name"":""Arregui"",""icon"":""https://lh3.googleusercontent.com/a/AItbvmlJOQCrYJFKsWPDYSjpqt1A7kAZJUhj-ZkmC-6Q=s300-c""},""amount"":2340000}]}"
471,0,transfer,1757799458,2025-09-13T21:37:38+00:00,False,,,,35901,4425800,10089858,Karlox F.C.,,,"{""player"":35901,""from"":{""id"":10089858,""name"":""Karlox F.C."",""icon"":""icons/7.png""},""amount"":4425800}"
472,0,transfer,1757741288,2025-09-13T05:28:08+00:00,False,,,,18399,2694000,11678835,Julia,,,"{""player"":18399,""from"":{""id"":11678835,""name"":""Julia"",""icon"":""https://graph.facebook.com/10218096465979952/picture?height=300&width=300""},""amount"":2694000}"
472,1,transfer,1757741288,2025-09-13T05:28:08+00:00,False,,,,10245,2567700,11678835,Julia,,,"{""player"":10245,""from"":{""id"":11678835,""name"":""Julia"",""icon"":""https://graph.facebook.com/10218096465979952/picture?height=300&width=300""},""amount"":2567700}"
473,0,market,1757740069,2025-09-13T05:07:49+00:00,False,,,,897,5700000,,,11678835,Julia,"{""player"":897,""to"":{""id"":11678835,""name"":""Julia"",""icon"":""https://graph.facebook.com/10218096465979952/picture?height=300&width=300""},""amount"":5700000,""bids"":[{""user"":{""id"":10089858,""name"":""Karlox F.C."",""icon"":""icons/7.png""},""amount"":5155555},{""user"":{""id"":8128710,""name"":""Los vengadores"",""icon"":""icons/11.png""},""amount"":4986000}]}"
473,1,market,1757740069,2025-09-13T05:07:49+00:00,False,,,,1927,3050000,,,6822272,Ricardo J,"{""player"":1927,""to"":{""id"":6822272,""name"":""Ricardo J""},""amount"":3050000}"
473,2,market,1757740069,2025-09-13T05:07:49+00:00,False,,,,21,458000,,,8128710,Los vengadores,"{""player"":21,""to"":{""id"":8128710,""name"":""Los vengadores"",""icon"":""icons/11.png""},""amount"":458000}"
474,0,transfer,1757671281,2025-09-12T10:01:21+00:00,False,,,,25724,5774400,8128710,Los vengadores,,,"{""player"":25724,""from"":{""id"":8128710,""name"":""Los vengadores"",""icon"":""icons/11.png""},""amount"":5774400}"
475,0,transfer,1757669621,2025-09-12T09:33:41+00:00,False,,,,10139,4794300,6826480,Víctor Orta,,,"{""player"":10139,""from"":{""id"":6826480,""name"":""Víctor Orta"",""icon"":""i/u/6826480.png""},""amount"":4794300}"
475,1,transfer,1757669621,2025-09-12T09:33:41+00:00,False,,,,15396,1280000,6826480,Víctor Orta,5684093,CD Cornisa Azul,"{""player"":15396,""from"":{""id"":6826480,""name"":""Víctor Orta"",""icon"":""i/u/6826480.png""},""to"":{""id"":5684093,""name"":""CD Cornisa Azul"",""icon"":""icons/42.png""},""amount"":1280000}"
476,0,transfer,1757662799,2025-09-12T07:39:59+00:00,False,,,,30081,8589200,8128710,Los vengadores,,,"{""player"":30081,""from"":{""id"":8128710,""name"":""Los vengadores"",""icon"":""icons/11.png""},""amount"":8589200}"
477,0,transfer,1757660726,2025-09-12T07:05:26+00:00,False,,,,31493,3009900,5684093,CD Cornisa Azul,,,"{""player"":31493,""from"":{""id"":5684093,""name"":""CD Cornisa Azul"",""icon"":""icons/42.png""},""amount"":3009900}"
478,0,market,1757653405,2025-09-12T05:03:25+00:00,False,,,,38095,1503000,,,6826480,Víctor Orta,"{""player"":38095,""to"":{""id"":6826480,""name"":""Víctor Orta"",""icon"":""i/u/6826480.png""},""amount"":1503000}"
479,0,transfer,1757575416,2025-09-11T07:23:36+00:00,False,,,,31018,5061600,6822272,Ricardo J,,,"{""player"":31018,""from"":{""id"":6822272,""name"":""Ricardo J""},""amount"":5061600}"
479,1,transfer,1757575416,2025-09-11T07:23:36+00:00,False,,,,37725,3341300,6822272,Ricardo J,,,"{""player"":37725,""from"":{""id"":6822272,""name"":""Ricardo J""},""amount"":3341300}"
480,0,transfer,1757568555,2025-09-11T05:29:15+00:00,False,,,,37741,415400,6826480,Víctor Orta,,,"{""player"":37741,""from"":{""id"":6826480,""name"":""Víctor Orta"",""icon"":""i/u/6826480.png""},""amount"":415400}"
481,0,market,1757567101,2025-09-11T05:05:01+00:00,False,,,,14800,1675000,,,6822272,Ricardo J,"{""player"":14800,""to"":{""id"":6822272,""name"":""Ricardo J""},""amount"":1675000,""bids"":[{""user"":{""id"":6826480,""name"":""Víctor Orta"",""icon"":""i/u/6826480.png""},""amount"":1670000}]}"
481,1,market,1757567101,2025-09-11T05:05:01+00:00,False,,,,10117,180000,,,6822272,Ricardo J,"{""player"":10117,""to"":{""id"":6822272,""name"":""Ricardo J""},""amount"":180000}"
482,0,transfer,1757564948,2025-09-11T04:29:08+00:00,False,,,,34488,495100,10089858,Karlox F.C.,,,"{""player"":34488,""from"":{""id"":10089858,""name"":""Karlox F.C."",""icon"":""icons/7.png""},""amount"":495100}"
483,0,market,1757480960,2025-09-10T05:09:20+00:00,False,,,,26271,23670000,,,8128710,Los vengadores,"{""player"":26271,""to"":{""id"":8128710,""name"":""Los vengadores"",""icon"":""icons/11.png""},""amount"":23670000}"
483,1,market,1757480960,2025-09-10T05:09:20+00:00,False,,,,22073,1945000,,,6822272,Ricardo J,"{""player"":22073,""to"":{""id"":6822272,""name"":""Ricardo J""},""amount"":1945000,""bids"":[{""user"":{""id"":10089858,""name"":""Karlox F.C."",""icon"":""icons/7.png""},""amount"":1940100}]}"
483,2,market,1757480960,2025-09-10T05:09:20+00:00,False,,,,11800,3670000,,,6826480,Víctor Orta,"{""player"":11800,""to"":{""id"":6826480,""name"":""Víctor Orta"",""icon"":""i/u/6826480.png""},""amount"":3670000}"
484,0,transfer,1757435552,2025-09-09T16:32:32+00:00,False,,,,1612,3214200,8128710,Los vengadores,,,"{""player"":1612,""from"":{""id"":8128710,""name"":""Los vengadores"",""icon"":""icons/11.png""},""amount"":3214200}"
485,0,market,1757394603,2025-09-09T05:10:03+00:00,False,,,,9047,3950000,,,6826480,Víctor Orta,"{""player"":9047,""to"":{""id"":6826480,""name"":""Víctor Orta"",""icon"":""i/u/6826480.png""},""amount"":3950000,""bids"":[{""user"":{""id"":8128710,""name"":""Los vengadores"",""icon"":""icons/11.png""},""amount"":3890000}]}"
485,1,market,1757394603,2025-09-09T05:10:03+00:00,False,,,,26068,2270000,,,8128710,Los vengadores,"{""player"":26068,""to"":{""id"":8128710,""name"":""Los vengadores"",""icon"":""icons/11.png""},""amount"":2270000,""bids"":[{""user"":{""id"":6822272,""name"":""Ricardo J""},""amount"":2210000}]}"
486,0,transfer,1757318020,2025-09-08T07:53:40+00:00,False,,,,2597,5321700,8128710,Los vengadores,,,"{""player"":2597,""from"":{""id"":8128710,""name"":""Los vengadores"",""icon"":""icons/11.png""},""amount"":5321700}"
487,0,market,1757308083,2025-09-08T05:08:03+00:00,False,,,,290,590000,,,11678835,Julia,"{""player"":290,""to"":{""id"":11678835,""name"":""Julia"",""icon"":""https://graph.facebook.com/10218096465979952/picture?height=300&width=300""},""amount"":590000}"
487,1,market,1757308083,2025-09-08T05:08:03+00:00,False,,,,25396,1675000,,,5684093,CD Cornisa Azul,"{""player"":25396,""to"":{""id"":5684093,""name"":""CD Cornisa Azul"",""icon"":""icons/42.png""},""amount"":1675000,""bids"":[{""user"":{""id"":11678835,""name"":""Julia"",""icon"":""https://graph.facebook.com/10218096465979952/picture?height=300&width=300""},""amount"":1472000},{""user"":{""id"":8128710,""name"":""Los vengadores"",""icon"":""icons/11.png""},""amount"":1416000}]}"
487,2,market,1757308083,2025-09-08T05:08:03+00:00,False,,,,32456,500000,,,5684093,CD Cornisa Azul,"{""player"":32456,""to"":{""id"":5684093,""name"":""CD Cornisa Azul"",""icon"":""icons/42.png""},""amount"":500000}"
488,0,transfer,1757284165,2025-09-07T22:29:25+00:00,False,,,,37458,990000,5684093,CD Cornisa Azul,,,"{""player"":37458,""from"":{""id"":5684093,""name"":""CD Cornisa Azul"",""icon"":""icons/42.png""},""amount"":990000}"
489,0,transfer,1757227287,2025-09-07T06:41:27+00:00,False,,,,17482,3563600,6822272,Ricardo J,,,"{""player"":17482,""from"":{""id"":6822272,""name"":""Ricardo J""},""amount"":3563600}"
489,1,transfer,1757227287,2025-09-07T06:41:27+00:00,False,,,,38095,1579800,6822272,Ricardo J,,,"{""player"":38095,""from"":{""id"":6822272,""name"":""Ricardo J""},""amount"":1579800}"
490,0,market,1757221682,2025-09-07T05:08:02+00:00,False,,,,38072,3280000,,,6822272,Ricardo J,"{""player"":38072,""to"":{""id"":6822272,""name"":""Ricardo J""},""amount"":3280000,""bids"":[{""user"":{""id"":5684093,""name"":""CD Cornisa Azul"",""icon"":""icons/42.png""},""amount"":2241000}]}"
490,1,market,1757221682,2025-09-07T05:08:02+00:00,False,,,,31707,7150000,,,6822272,Ricardo J,"{""player"":31707,""to"":{""id"":6822272,""name"":""Ricardo J""},""amount"":7150000}"
491,0,transfer,1757184177,2025-09-06T18:42:57+00:00,False,,,,26048,7533600,8128710,Los vengadores,,,"{""player"":26048,""from"":{""id"":8128710,""name"":""Los vengadores"",""icon"":""icons/11.png""},""amount"":7533600}"
492,0,transfer,1757151617,2025-09-06T09:40:17+00:00,False,,,,38355,972300,8127478,Arregui,,,"{""player"":38355,""from"":{""id"":8127478,""name"":""Arregui"",""icon"":""https://lh3.googleusercontent.com/a/AItbvmlJOQCrYJFKsWPDYSjpqt1A7kAZJUhj-ZkmC-6Q=s300-c""},""amount"":972300}"
493,0,transfer,1757145094,2025-09-06T07:51:34+00:00,False,,,,12221,3739000,11678835,Julia,,,"{""player"":12221,""from"":{""id"":11678835,""name"":""Julia"",""icon"":""https://graph.facebook.com/10218096465979952/picture?height=300&width=300""},""amount"":3739000}"
494,0,market,1757135212,2025-09-06T05:06:52+00:00,False,,,,25724,6160000,,,8128710,Los vengadores,"{""player"":25724,""to"":{""id"":8128710,""name"":""Los vengadores"",""icon"":""icons/11.png""},""amount"":6160000}"
494,1,market,1757135212,2025-09-06T05:06:52+00:00,False,,,,26592,4470000,,,11678835,Julia,"{""player"":26592,""to"":{""id"":11678835,""name"":""Julia"",""icon"":""https://graph.facebook.com/10218096465979952/picture?height=300&width=300""},""amount"":4470000,""bids"":[{""user"":{""id"":8128710,""name"":""Los vengadores"",""icon"":""icons/11.png""},""amount"":3686000}]}"
495,0,transfer,1757112077,2025-09-05T22:41:17+00:00,False,,,,28115,3417300,6822272,Ricardo J,,,"{""player"":28115,""from"":{""id"":6822272,""name"":""Ricardo J""},""amount"":3417300}"
496,0,market,1757049369,2025-09-05T05:16:09+00:00,False,,,,34111,1266666,,,10089858,Karlox F.C.,"{""player"":34111,""to"":{""id"":10089858,""name"":""Karlox F.C."",""icon"":""icons/7.png""},""amount"":1266666,""bids"":[{""user"":{""id"":8128710,""name"":""Los vengadores"",""icon"":""icons/11.png""},""amount"":1040000},{""user"":{""id"":11678835,""name"":""Julia"",""icon"":""https://graph.facebook.com/10218096465979952/picture?height=300&width=300""},""amount"":1030000}]}"
496,1,market,1757049369,2025-09-05T05:16:09+00:00,False,,,,31493,2801100,,,5684093,CD Cornisa Azul,"{""player"":31493,""to"":{""id"":5684093,""name"":""CD Cornisa Azul"",""icon"":""icons/42.png""},""amount"":2801100}"
497,0,transfer,1756967527,2025-09-04T06:32:07+00:00,False,,,,24732,4564300,11678835,Julia,,,"{""player"":24732,""from"":{""id"":11678835,""name"":""Julia"",""icon"":""https://graph.facebook.com/10218096465979952/picture?height=300&width=300""},""amount"":4564300}"
498,0,market,1756962508,2025-09-04T05:08:28+00:00,False,,,,9557,850230,,,5684093,CD Cornisa Azul,"{""player"":9557,""to"":{""id"":5684093,""name"":""CD Cornisa Azul"",""icon"":""icons/42.png""},""amount"":850230,""bids"":[{""user"":{""id"":8128710,""name"":""Los vengadores"",""icon"":""icons/11.png""},""amount"":436000},{""user"":{""id"":8127478,""name"":""Arregui"",""icon"":""https://lh3.googleusercontent.com/a/AItbvmlJOQCrYJFKsWPDYSjpqt1A7kAZJUhj-ZkmC-6Q=s300-c""},""amount"":430000}]}"
498,1,market,1756962508,2025-09-04T05:08:28+00:00,False,,,,35763,3210000,,,11678835,Julia,"{""player"":35763,""to"":{""id"":11678835,""name"":""Julia"",""icon"":""https://graph.facebook.com/10218096465979952/picture?height=300&width=300""},""amount"":3210000}"
498,2,market,1756962508,2025-09-04T05:08:28+00:00,False,,,,31026,1645074,,,5684093,CD Cornisa Azul,"{""player"":31026,""to"":{""id"":5684093,""name"":""CD Cornisa Azul"",""icon"":""icons/42.png""},""amount"":1645074,""bids"":[{""user"":{""id"":8128710,""name"":""Los vengadores"",""icon"":""icons/11.png""},""amount"":1260000},{""user"":{""id"":10089858,""name"":""Karlox F.C."",""icon"":""icons/7.png""},""amount"":1088088}]}"
499,0,transfer,1756892912,2025-09-03T09:48:32+00:00,False,,,,33804,167400,10089858,Karlox F.C.,,,"{""player"":33804,""from"":{""id"":10089858,""name"":""Karlox F.C."",""icon"":""icons/7.png""},""amount"":167400}"
500,0,transfer,1756882356,2025-09-03T06:52:36+00:00,False,,,,1868,3083900,6822272,Ricardo J,,,"{""player"":1868,""from"":{""id"":6822272,""name"":""Ricardo J""},""amount"":3083900}"
500,1,transfer,1756882356,2025-09-03T06:52:36+00:00,False,,,,2224,838200,6822272,Ricardo J,,,"{""player"":2224,""from"":{""id"":6822272,""name"":""Ricardo J""},""amount"":838200}"
500,2,transfer,1756882356,2025-09-03T06:52:36+00:00,False,,,,19839,152400,6822272,Ricardo J,,,"{""player"":19839,""from"":{""id"":6822272,""name"":""Ricardo J""},""amount"":152400}"
500,3,transfer,1756882356,2025-09-03T06:52:36+00:00,False,,,,18415,154600,6822272,Ricardo J,,,"{""player"":18415,""from"":{""id"":6822272,""name"":""Ricardo J""},""amount"":154600}"
501,0,transfer,1756878203,2025-09-03T05:43:23+00:00,False,,,,29631,3827800,11678835,Julia,,,"{""player"":29631,""from"":{""id"":11678835,""name"":""Julia"",""icon"":""https://graph.facebook.com/10218096465979952/picture?height=300&width=300""},""amount"":3827800}"
502,0,market,1756876444,2025-09-03T05:14:04+00:00,False,,,,9480,5570000,,,11678835,Julia,"{""player"":9480,""to"":{""id"":11678835,""name"":""Julia"",""icon"":""https://graph.facebook.com/10218096465979952/picture?height=300&width=300""},""amount"":5570000,""bids"":[{""user"":{""id"":6822272,""name"":""Ricardo J""},""amount"":5100000},{""user"":{""id"":8128710,""name"":""Los vengadores"",""icon"":""icons/11.png""},""amount"":4893000}]}"
502,1,market,1756876444,2025-09-03T05:14:04+00:00,False,,,,28115,3310000,,,6822272,Ricardo J,"{""player"":28115,""to"":{""id"":6822272,""name"":""Ricardo J""},""amount"":3310000,""bids"":[{""user"":{""id"":8128710,""name"":""Los vengadores"",""icon"":""icons/11.png""},""amount"":3238000}]}"
503,0,transfer,1756819628,2025-09-02T13:27:08+00:00,False,,,,33,5927700,6822272,Ricardo J,,,"{""player"":33,""from"":{""id"":6822272,""name"":""Ricardo J""},""amount"":5927700}"
503,1,transfer,1756819628,2025-09-02T13:27:08+00:00,False,,,,11677,409100,6822272,Ricardo J,,,"{""player"":11677,""from"":{""id"":6822272,""name"":""Ricardo J""},""amount"":409100}"
504,0,transfer,1756797645,2025-09-02T07:20:45+00:00,False,,,,32120,6041000,5684093,CD Cornisa Azul,,,"{""player"":32120,""from"":{""id"":5684093,""name"":""CD Cornisa Azul"",""icon"":""icons/42.png""},""amount"":6041000}"
505,0,transfer,1756793119,2025-09-02T06:05:19+00:00,False,,,,33938,2841400,10089858,Karlox F.C.,,,"{""player"":33938,""from"":{""id"":10089858,""name"":""Karlox F.C."",""icon"":""icons/7.png""},""amount"":2841400}"
506,0,market,1756789768,2025-09-02T05:09:28+00:00,False,,,,32338,4725000,,,5684093,CD Cornisa Azul,"{""player"":32338,""to"":{""id"":5684093,""name"":""CD Cornisa Azul"",""icon"":""icons/42.png""},""amount"":4725000,""bids"":[{""user"":{""id"":8128710,""name"":""Los vengadores"",""icon"":""icons/11.png""},""amount"":3910000}]}"
506,1,market,1756789768,2025-09-02T05:09:28+00:00,False,,,,24326,3640000,,,8128710,Los vengadores,"{""player"":24326,""to"":{""id"":8128710,""name"":""Los vengadores"",""icon"":""icons/11.png""},""amount"":3640000,""bids"":[{""user"":{""id"":10089858,""name"":""Karlox F.C."",""icon"":""icons/7.png""},""amount"":3600011}]}"
506,2,market,1756789768,2025-09-02T05:09:28+00:00,False,,,,15464,2010000,,,8128710,Los vengadores,"{""player"":15464,""to"":{""id"":8128710,""name"":""Los vengadores"",""icon"":""icons/11.png""},""amount"":2010000,""bids"":[{""user"":{""id"":5684093,""name"":""CD Cornisa Azul"",""icon"":""icons/42.png""},""amount"":1980000}]}"
507,0,transfer,1756768893,2025-09-01T23:21:33+00:00,False,,,,23334,191500,5684093,CD Cornisa Azul,,,"{""player"":23334,""from"":{""id"":5684093,""name"":""CD Cornisa Azul"",""icon"":""icons/42.png""},""amount"":191500}"
507,1,transfer,1756768893,2025-09-01T23:21:33+00:00,False,,,,37894,2967800,5684093,CD Cornisa Azul,,,"{""player"":37894,""from"":{""id"":5684093,""name"":""CD Cornisa Azul"",""icon"":""icons/42.png""},""amount"":2967800}"
508,0,transfer,1756712553,2025-09-01T07:42:33+00:00,False,,,,27994,5598700,8128710,Los vengadores,,,"{""player"":27994,""from"":{""id"":8128710,""name"":""Los vengadores"",""icon"":""icons/11.png""},""amount"":5598700}"
509,0,transfer,1756709380,2025-09-01T06:49:40+00:00,False,,,,34702,1567500,6822272,Ricardo J,,,"{""player"":34702,""from"":{""id"":6822272,""name"":""Ricardo J""},""amount"":1567500}"
510,0,market,1756703027,2025-09-01T05:03:47+00:00,False,,,,1074,2722000,,,8128710,Los vengadores,"{""player"":1074,""to"":{""id"":8128710,""name"":""Los vengadores"",""icon"":""icons/11.png""},""amount"":2722000}"
510,1,market,1756703027,2025-09-01T05:03:47+00:00,False,,,,37713,342000,,,8128710,Los vengadores,"{""player"":37713,""to"":{""id"":8128710,""name"":""Los vengadores"",""icon"":""icons/11.png""},""amount"":342000}"
510,2,market,1756703027,2025-09-01T05:03:47+00:00,False,,,,8747,3116000,,,8128710,Los vengadores,"{""player"":8747,""to"":{""id"":8128710,""name"":""Los vengadores"",""icon"":""icons/11.png""},""amount"":3116000}"
510,3,market,1756703027,2025-09-01T05:03:47+00:00,False,,,,6259,4000880,,,10089858,Karlox F.C.,"{""player"":6259,""to"":{""id"":10089858,""name"":""Karlox F.C."",""icon"":""icons/7.png""},""amount"":4000880,""bids"":[{""user"":{""id"":8128710,""name"":""Los vengadores"",""icon"":""icons/11.png""},""amount"":3856000}]}"
510,4,market,1756703027,2025-09-01T05:03:47+00:00,False,,,,38423,210000,,,8128710,Los vengadores,"{""player"":38423,""to"":{""id"":8128710,""name"":""Los vengadores"",""icon"":""icons/11.png""},""amount"":210000}"
511,0,transfer,1756678229,2025-08-31T22:10:29+00:00,False,,,,27591,6033100,8128710,Los vengadores,,,"{""player"":27591,""from"":{""id"":8128710,""name"":""Los vengadores"",""icon"":""icons/11.png""},""amount"":6033100}"
512,0,transfer,1756648881,2025-08-31T14:01:21+00:00,False,,,,23809,417000,8128710,Los vengadores,,,"{""player"":23809,""from"":{""id"":8128710,""name"":""Los vengadores"",""icon"":""icons/11.png""},""amount"":417000}"
513,0,transfer,1756646686,2025-08-31T13:24:46+00:00,False,,,,17442,4017200,8128710,Los vengadores,,,"{""player"":17442,""from"":{""id"":8128710,""name"":""Los vengadores"",""icon"":""icons/11.png""},""amount"":4017200}"
514,0,market,1756617008,2025-08-31T05:10:08+00:00,False,,,,30502,5211000,,,5684093,CD Cornisa Azul,"{""player"":30502,""to"":{""id"":5684093,""name"":""CD Cornisa Azul"",""icon"":""icons/42.png""},""amount"":5211000}"
514,1,market,1756617008,2025-08-31T05:10:08+00:00,False,,,,18178,4100030,,,8128710,Los vengadores,"{""player"":18178,""to"":{""id"":8128710,""name"":""Los vengadores"",""icon"":""icons/11.png""},""amount"":4100030}"
514,2,market,1756617008,2025-08-31T05:10:08+00:00,False,,,,37725,3190000,,,6822272,Ricardo J,"{""player"":37725,""to"":{""id"":6822272,""name"":""Ricardo J""},""amount"":3190000,""bids"":[{""user"":{""id"":8128710,""name"":""Los vengadores"",""icon"":""icons/11.png""},""amount"":3060000}]}"
514,3,market,1756617008,2025-08-31T05:10:08+00:00,False,,,,2597,5100020,,,8128710,Los vengadores,"{""player"":2597,""to"":{""id"":8128710,""name"":""Los vengadores"",""icon"":""icons/11.png""},""amount"":5100020}"
515,0,market,1756530516,2025-08-30T05:08:36+00:00,False,,,,17442,3946000,,,8128710,Los vengadores,"{""player"":17442,""to"":{""id"":8128710,""name"":""Los vengadores"",""icon"":""icons/11.png""},""amount"":3946000}"
515,1,market,1756530516,2025-08-30T05:08:36+00:00,False,,,,18399,3240000,,,11678835,Julia,"{""player"":18399,""to"":{""id"":11678835,""name"":""Julia"",""icon"":""https://graph.facebook.com/10218096465979952/picture?height=300&width=300""},""amount"":3240000,""bids"":[{""user"":{""id"":8128710,""name"":""Los vengadores"",""icon"":""icons/11.png""},""amount"":2958000}]}"
515,2,market,1756530516,2025-08-30T05:08:36+00:00,False,,,,19547,10225000,,,6822272,Ricardo J,"{""player"":19547,""to"":{""id"":6822272,""name"":""Ricardo J""},""amount"":10225000}"
515,3,market,1756530516,2025-08-30T05:08:36+00:00,False,,,,35615,3060000,,,8128710,Los vengadores,"{""player"":35615,""to"":{""id"":8128710,""name"":""Los vengadores"",""icon"":""icons/11.png""},""amount"":3060000}"
516,0,transfer,1756506392,2025-08-29T22:26:32+00:00,False,,,,35705,938900,8128710,Los vengadores,,,"{""player"":35705,""from"":{""id"":8128710,""name"":""Los vengadores"",""icon"":""icons/11.png""},""amount"":938900}"
516,1,transfer,1756506392,2025-08-29T22:26:32+00:00,False,,,,5678,3262200,8128710,Los vengadores,,,"{""player"":5678,""from"":{""id"":8128710,""name"":""Los vengadores"",""icon"":""icons/11.png""},""amount"":3262200}"
517,0,market,1756444064,2025-08-29T05:07:44+00:00,False,,,,35901,6008000,,,10089858,Karlox F.C.,"{""player"":35901,""to"":{""id"":10089858,""name"":""Karlox F.C."",""icon"":""icons/7.png""},""amount"":6008000,""bids"":[{""user"":{""id"":8128710,""name"":""Los vengadores"",""icon"":""icons/11.png""},""amount"":5916000}]}"
517,1,market,1756444064,2025-08-29T05:07:44+00:00,False,,,,1679,2160000,,,8128710,Los vengadores,"{""player"":1679,""to"":{""id"":8128710,""name"":""Los vengadores"",""icon"":""icons/11.png""},""amount"":2160000}"
517,2,market,1756444064,2025-08-29T05:07:44+00:00,False,,,,17148,1730000,,,6822272,Ricardo J,"{""player"":17148,""to"":{""id"":6822272,""name"":""Ricardo J""},""amount"":1730000}"
518,0,transfer,1756386784,2025-08-28T13:13:04+00:00,False,,,,1780,1647700,8127478,Arregui,,,"{""player"":1780,""from"":{""id"":8127478,""name"":""Arregui"",""icon"":""https://lh3.googleusercontent.com/a/AItbvmlJOQCrYJFKsWPDYSjpqt1A7kAZJUhj-ZkmC-6Q=s300-c""},""amount"":1647700}"
519,0,transfer,1756366882,2025-08-28T07:41:22+00:00,False,,,,34221,157100,6826480,Víctor Orta,,,"{""player"":34221,""from"":{""id"":6826480,""name"":""Víctor Orta"",""icon"":""i/u/6826480.png""},""amount"":157100}"
520,0,transfer,1756363073,2025-08-28T06:37:53+00:00,False,,,,26879,1484400,6822272,Ricardo J,,,"{""player"":26879,""from"":{""id"":6822272,""name"":""Ricardo J""},""amount"":1484400}"
521,0,market,1756357653,2025-08-28T05:07:33+00:00,False,,,,10139,5950000,,,6826480,Víctor Orta,"{""player"":10139,""to"":{""id"":6826480,""name"":""Víctor Orta"",""icon"":""i/u/6826480.png""},""amount"":5950000}"
521,1,market,1756357653,2025-08-28T05:07:33+00:00,False,,,,38355,940000,,,8127478,Arregui,"{""player"":38355,""to"":{""id"":8127478,""name"":""Arregui"",""icon"":""https://lh3.googleusercontent.com/a/AItbvmlJOQCrYJFKsWPDYSjpqt1A7kAZJUhj-ZkmC-6Q=s300-c""},""amount"":940000,""bids"":[{""user"":{""id"":8128710,""name"":""Los vengadores"",""icon"":""icons/11.png""},""amount"":936000},{""user"":{""id"":11678835,""name"":""Julia"",""icon"":""https://graph.facebook.com/10218096465979952/picture?height=300&width=300""},""amount"":920000}]}"
521,2,market,1756357653,2025-08-28T05:07:33+00:00,False,,,,29034,2480000,,,8127478,Arregui,"{""player"":29034,""to"":{""id"":8127478,""name"":""Arregui"",""icon"":""https://lh3.googleusercontent.com/a/AItbvmlJOQCrYJFKsWPDYSjpqt1A7kAZJUhj-ZkmC-6Q=s300-c""},""amount"":2480000}"
522,0,transfer,1756311775,2025-08-27T16:22:55+00:00,False,,,,23280,4749500,10089858,Karlox F.C.,,,"{""player"":23280,""from"":{""id"":10089858,""name"":""Karlox F.C."",""icon"":""icons/7.png""},""amount"":4749500}"
523,0,transfer,1756278289,2025-08-27T07:04:49+00:00,False,,,,1874,2483500,8128710,Los vengadores,,,"{""player"":1874,""from"":{""id"":8128710,""name"":""Los vengadores"",""icon"":""icons/11.png""},""amount"":2483500}"
523,1,transfer,1756278289,2025-08-27T07:04:49+00:00,False,,,,33516,4736000,8128710,Los vengadores,,,"{""player"":33516,""from"":{""id"":8128710,""name"":""Los vengadores"",""icon"":""icons/11.png""},""amount"":4736000}"
524,0,transfer,1756273647,2025-08-27T05:47:27+00:00,False,,,,20702,4919300,6822272,Ricardo J,,,"{""player"":20702,""from"":{""id"":6822272,""name"":""Ricardo J""},""amount"":4919300}"
524,1,transfer,1756273647,2025-08-27T05:47:27+00:00,False,,,,30505,1425300,6822272,Ricardo J,,,"{""player"":30505,""from"":{""id"":6822272,""name"":""Ricardo J""},""amount"":1425300}"
524,2,transfer,1756273647,2025-08-27T05:47:27+00:00,False,,,,16821,1577600,6822272,Ricardo J,,,"{""player"":16821,""from"":{""id"":6822272,""name"":""Ricardo J""},""amount"":1577600}"
525,0,market,1756271466,2025-08-27T05:11:06+00:00,False,,,,28082,420000,,,6822272,Ricardo J,"{""player"":28082,""to"":{""id"":6822272,""name"":""Ricardo J""},""amount"":420000,""bids"":[{""user"":{""id"":8128710,""name"":""Los vengadores"",""icon"":""icons/11.png""},""amount"":410000}]}"
525,1,market,1756271466,2025-08-27T05:11:06+00:00,False,,,,26879,1520007,,,6822272,Ricardo J,"{""player"":26879,""to"":{""id"":6822272,""name"":""Ricardo J""},""amount"":1520007}"
525,2,market,1756271466,2025-08-27T05:11:06+00:00,False,,,,34702,1590000,,,6822272,Ricardo J,"{""player"":34702,""to"":{""id"":6822272,""name"":""Ricardo J""},""amount"":1590000}"
525,3,market,1756271466,2025-08-27T05:11:06+00:00,False,,,,2602,3200000,,,6822272,Ricardo J,"{""player"":2602,""to"":{""id"":6822272,""name"":""Ricardo J""},""amount"":3200000,""bids"":[{""user"":{""id"":5684093,""name"":""CD Cornisa Azul"",""icon"":""icons/42.png""},""amount"":2890000},{""user"":{""id"":11678835,""name"":""Julia"",""icon"":""https://graph.facebook.com/10218096465979952/picture?height=300&width=300""},""amount"":2850000}]}"
525,4,market,1756271466,2025-08-27T05:11:06+00:00,False,,,,5678,3108000,,,8128710,Los vengadores,"{""player"":5678,""to"":{""id"":8128710,""name"":""Los vengadores"",""icon"":""icons/11.png""},""amount"":3108000}"
526,0,transfer,1756230427,2025-08-26T17:47:07+00:00,False,,,,18173,5637400,8128710,Los vengadores,,,"{""player"":18173,""from"":{""id"":8128710,""name"":""Los vengadores"",""icon"":""icons/11.png""},""amount"":5637400}"
527,0,transfer,1756190449,2025-08-26T06:40:49+00:00,False,,,,32440,7350600,6822272,Ricardo J,,,"{""player"":32440,""from"":{""id"":6822272,""name"":""Ricardo J""},""amount"":7350600}"
528,0,market,1756184935,2025-08-26T05:08:55+00:00,False,,,,12424,256000,,,8128710,Los vengadores,"{""player"":12424,""to"":{""id"":8128710,""name"":""Los vengadores"",""icon"":""icons/11.png""},""amount"":256000}"
528,1,market,1756184935,2025-08-26T05:08:55+00:00,False,,,,27994,5580000,,,8128710,Los vengadores,"{""player"":27994,""to"":{""id"":8128710,""name"":""Los vengadores"",""icon"":""icons/11.png""},""amount"":5580000}"
528,2,market,1756184935,2025-08-26T05:08:55+00:00,False,,,,17482,3425000,,,6822272,Ricardo J,"{""player"":17482,""to"":{""id"":6822272,""name"":""Ricardo J""},""amount"":3425000}"
529,0,transfer,1756165393,2025-08-25T23:43:13+00:00,False,,,,3159,4579900,5684093,CD Cornisa Azul,,,"{""player"":3159,""from"":{""id"":5684093,""name"":""CD Cornisa Azul"",""icon"":""icons/42.png""},""amount"":4579900}"
530,0,transfer,1756160838,2025-08-25T22:27:18+00:00,False,,,,8670,5921700,8128710,Los vengadores,,,"{""player"":8670,""from"":{""id"":8128710,""name"":""Los vengadores"",""icon"":""icons/11.png""},""amount"":5921700}"
531,0,transfer,1756112791,2025-08-25T09:06:31+00:00,False,,,,37466,943000,8128710,Los vengadores,,,"{""player"":37466,""from"":{""id"":8128710,""name"":""Los vengadores"",""icon"":""icons/11.png""},""amount"":943000}"
531,1,transfer,1756112791,2025-08-25T09:06:31+00:00,False,,,,26697,1236000,8128710,Los vengadores,,,"{""player"":26697,""from"":{""id"":8128710,""name"":""Los vengadores"",""icon"":""icons/11.png""},""amount"":1236000}"
531,2,transfer,1756112791,2025-08-25T09:06:31+00:00,False,,,,24979,1600600,8128710,Los vengadores,,,"{""player"":24979,""from"":{""id"":8128710,""name"":""Los vengadores"",""icon"":""icons/11.png""},""amount"":1600600}"
532,0,transfer,1756102403,2025-08-25T06:13:23+00:00,False,,,,31243,3769500,6822272,Ricardo J,,,"{""player"":31243,""from"":{""id"":6822272,""name"":""Ricardo J""},""amount"":3769500}"
533,0,market,1756098562,2025-08-25T05:09:22+00:00,False,,,,27591,5830000,,,8128710,Los vengadores,"{""player"":27591,""to"":{""id"":8128710,""name"":""Los vengadores"",""icon"":""icons/11.png""},""amount"":5830000}"
533,1,market,1756098562,2025-08-25T05:09:22+00:00,False,,,,1868,2460000,,,6822272,Ricardo J,"{""player"":1868,""to"":{""id"":6822272,""name"":""Ricardo J""},""amount"":2460000}"
533,2,market,1756098562,2025-08-25T05:09:22+00:00,False,,,,33,5590000,,,6822272,Ricardo J,"{""player"":33,""to"":{""id"":6822272,""name"":""Ricardo J""},""amount"":5590000,""bids"":[{""user"":{""id"":8128710,""name"":""Los vengadores"",""icon"":""icons/11.png""},""amount"":5560000}]}"
533,3,market,1756098562,2025-08-25T05:09:22+00:00,False,,,,16821,1680000,,,6822272,Ricardo J,"{""player"":16821,""to"":{""id"":6822272,""name"":""Ricardo J""},""amount"":1680000,""bids"":[{""user"":{""id"":8128710,""name"":""Los vengadores"",""icon"":""icons/11.png""},""amount"":1470010}]}"
534,0,transfer,1756044280,2025-08-24T14:04:40+00:00,False,,,,38189,831700,8128710,Los vengadores,,,"{""player"":38189,""from"":{""id"":8128710,""name"":""Los vengadores"",""icon"":""icons/11.png""},""amount"":831700}"
535,0,transfer,1756022812,2025-08-24T08:06:52+00:00,False,,,,951,3771900,10089858,Karlox F.C.,,,"{""player"":951,""from"":{""id"":10089858,""name"":""Karlox F.C."",""icon"":""icons/7.png""},""amount"":3771900}"
536,0,market,1756012112,2025-08-24T05:08:32+00:00,False,,,,26048,6500020,,,8128710,Los vengadores,"{""player"":26048,""to"":{""id"":8128710,""name"":""Los vengadores"",""icon"":""icons/11.png""},""amount"":6500020}"
536,1,market,1756012112,2025-08-24T05:08:32+00:00,False,,,,19297,2110000,,,8128710,Los vengadores,"{""player"":19297,""to"":{""id"":8128710,""name"":""Los vengadores"",""icon"":""icons/11.png""},""amount"":2110000,""bids"":[{""user"":{""id"":5684093,""name"":""CD Cornisa Azul"",""icon"":""icons/42.png""},""amount"":1768902},{""user"":{""id"":10089858,""name"":""Karlox F.C."",""icon"":""icons/7.png""},""amount"":1355555}]}"
536,2,market,1756012112,2025-08-24T05:08:32+00:00,False,,,,37458,1740000,,,5684093,CD Cornisa Azul,"{""player"":37458,""to"":{""id"":5684093,""name"":""CD Cornisa Azul"",""icon"":""icons/42.png""},""amount"":1740000,""bids"":[{""user"":{""id"":8128710,""name"":""Los vengadores"",""icon"":""icons/11.png""},""amount"":1436000}]}"
537,0,transfer,1755986699,2025-08-23T22:04:59+00:00,False,,,,18174,8741100,8128710,Los vengadores,,,"{""player"":18174,""from"":{""id"":8128710,""name"":""Los vengadores"",""icon"":""icons/11.png""},""amount"":8741100}"
537,1,transfer,1755986699,2025-08-23T22:04:59+00:00,False,,,,37499,7297300,6822272,Ricardo J,,,"{""player"":37499,""from"":{""id"":6822272,""name"":""Ricardo J""},""amount"":7297300}"
538,0,market,1755925573,2025-08-23T05:06:13+00:00,False,,,,25400,346000,,,8128710,Los vengadores,"{""player"":25400,""to"":{""id"":8128710,""name"":""Los vengadores"",""icon"":""icons/11.png""},""amount"":346000}"
538,1,market,1755925573,2025-08-23T05:06:13+00:00,False,,,,31027,11910000,,,6822272,Ricardo J,"{""player"":31027,""to"":{""id"":6822272,""name"":""Ricardo J""},""amount"":11910000}"
538,2,market,1755925573,2025-08-23T05:06:13+00:00,False,,,,30493,5333333,,,10089858,Karlox F.C.,"{""player"":30493,""to"":{""id"":10089858,""name"":""Karlox F.C."",""icon"":""icons/7.png""},""amount"":5333333,""bids"":[{""user"":{""id"":8128710,""name"":""Los vengadores"",""icon"":""icons/11.png""},""amount"":4786000}]}"
539,0,transfer,1755888073,2025-08-22T18:41:13+00:00,False,,,,37458,1375700,8128710,Los vengadores,,,"{""player"":37458,""from"":{""id"":8128710,""name"":""Los vengadores"",""icon"":""icons/11.png""},""amount"":1375700}"
539,1,transfer,1755888073,2025-08-22T18:41:13+00:00,False,,,,37895,153400,8128710,Los vengadores,,,"{""player"":37895,""from"":{""id"":8128710,""name"":""Los vengadores"",""icon"":""icons/11.png""},""amount"":153400}"
539,2,transfer,1755888073,2025-08-22T18:41:13+00:00,False,,,,23006,147000,8128710,Los vengadores,,,"{""player"":23006,""from"":{""id"":8128710,""name"":""Los vengadores"",""icon"":""icons/11.png""},""amount"":147000}"
540,0,transfer,1755842676,2025-08-22T06:04:36+00:00,False,,,,22061,1161100,5684093,CD Cornisa Azul,,,"{""player"":22061,""from"":{""id"":5684093,""name"":""CD Cornisa Azul"",""icon"":""icons/42.png""},""amount"":1161100}"
540,1,transfer,1755842676,2025-08-22T06:04:36+00:00,False,,,,34702,1657100,5684093,CD Cornisa Azul,,,"{""player"":34702,""from"":{""id"":5684093,""name"":""CD Cornisa Azul"",""icon"":""icons/42.png""},""amount"":1657100}"
540,2,transfer,1755842676,2025-08-22T06:04:36+00:00,False,,,,21063,998700,5684093,CD Cornisa Azul,,,"{""player"":21063,""from"":{""id"":5684093,""name"":""CD Cornisa Azul"",""icon"":""icons/42.png""},""amount"":998700}"
541,0,market,1755839361,2025-08-22T05:09:21+00:00,False,,,,33804,150010,,,10089858,Karlox F.C.,"{""player"":33804,""to"":{""id"":10089858,""name"":""Karlox F.C."",""icon"":""icons/7.png""},""amount"":150010}"
541,1,market,1755839361,2025-08-22T05:09:21+00:00,False,,,,17057,8210630,,,5684093,CD Cornisa Azul,"{""player"":17057,""to"":{""id"":5684093,""name"":""CD Cornisa Azul"",""icon"":""icons/42.png""},""amount"":8210630,""bids"":[{""user"":{""id"":6822272,""name"":""Ricardo J""},""amount"":7025000}]}"
541,2,market,1755839361,2025-08-22T05:09:21+00:00,False,,,,34479,7250000,,,6822272,Ricardo J,"{""player"":34479,""to"":{""id"":6822272,""name"":""Ricardo J""},""amount"":7250000}"
541,3,market,1755839361,2025-08-22T05:09:21+00:00,False,,,,26299,155000,,,6822272,Ricardo J,"{""player"":26299,""to"":{""id"":6822272,""name"":""Ricardo J""},""amount"":155000}"
542,0,transfer,1755817772,2025-08-21T23:09:32+00:00,False,,,,32042,4641300,5684093,CD Cornisa Azul,,,"{""player"":32042,""from"":{""id"":5684093,""name"":""CD Cornisa Azul"",""icon"":""icons/42.png""},""amount"":4641300}"
542,1,transfer,1755817772,2025-08-21T23:09:32+00:00,False,,,,2114,143000,5684093,CD Cornisa Azul,,,"{""player"":2114,""from"":{""id"":5684093,""name"":""CD Cornisa Azul"",""icon"":""icons/42.png""},""amount"":143000}"
543,0,transfer,1755762074,2025-08-21T07:41:14+00:00,False,,,,18916,1758000,11678835,Julia,,,"{""player"":18916,""from"":{""id"":11678835,""name"":""Julia"",""icon"":""https://graph.facebook.com/10218096465979952/picture?height=300&width=300""},""amount"":1758000}"
544,0,transfer,1755757485,2025-08-21T06:24:45+00:00,False,,,,18178,3163200,6822272,Ricardo J,,,"{""player"":18178,""from"":{""id"":6822272,""name"":""Ricardo J""},""amount"":3163200}"
544,1,transfer,1755757485,2025-08-21T06:24:45+00:00,False,,,,30307,784900,6822272,Ricardo J,,,"{""player"":30307,""from"":{""id"":6822272,""name"":""Ricardo J""},""amount"":784900}"
544,2,transfer,1755757485,2025-08-21T06:24:45+00:00,False,,,,32134,4779400,6822272,Ricardo J,,,"{""player"":32134,""from"":{""id"":6822272,""name"":""Ricardo J""},""amount"":4779400}"
544,3,transfer,1755757485,2025-08-21T06:24:45+00:00,False,,,,10745,4753600,10089858,Karlox F.C.,,,"{""player"":10745,""from"":{""id"":10089858,""name"":""Karlox F.C."",""icon"":""icons/7.png""},""amount"":4753600}"
544,4,transfer,1755757485,2025-08-21T06:24:45+00:00,False,,,,28115,2977400,10089858,Karlox F.C.,,,"{""player"":28115,""from"":{""id"":10089858,""name"":""Karlox F.C."",""icon"":""icons/7.png""},""amount"":2977400}"
544,5,transfer,1755757485,2025-08-21T06:24:45+00:00,False,,,,38216,1026900,10089858,Karlox F.C.,,,"{""player"":38216,""from"":{""id"":10089858,""name"":""Karlox F.C."",""icon"":""icons/7.png""},""amount"":1026900}"
545,0,market,1755752911,2025-08-21T05:08:31+00:00,False,,,,257,3661000,,,8128710,Los vengadores,"{""player"":257,""to"":{""id"":8128710,""name"":""Los vengadores"",""icon"":""icons/11.png""},""amount"":3661000}"
545,1,market,1755752911,2025-08-21T05:08:31+00:00,False,,,,38095,1280000,,,6822272,Ricardo J,"{""player"":38095,""to"":{""id"":6822272,""name"":""Ricardo J""},""amount"":1280000,""bids"":[{""user"":{""id"":10089858,""name"":""Karlox F.C."",""icon"":""icons/7.png""},""amount"":1008000},{""user"":{""id"":8128710,""name"":""Los vengadores"",""icon"":""icons/11.png""},""amount"":910020}]}"
545,2,market,1755752911,2025-08-21T05:08:31+00:00,False,,,,12400,6777777,,,10089858,Karlox F.C.,"{""player"":12400,""to"":{""id"":10089858,""name"":""Karlox F.C."",""icon"":""icons/7.png""},""amount"":6777777}"
545,3,market,1755752911,2025-08-21T05:08:31+00:00,False,,,,32440,7410007,,,6822272,Ricardo J,"{""player"":32440,""to"":{""id"":6822272,""name"":""Ricardo J""},""amount"":7410007}"
545,4,market,1755752911,2025-08-21T05:08:31+00:00,False,,,,34131,310000,,,8128710,Los vengadores,"{""player"":34131,""to"":{""id"":8128710,""name"":""Los vengadores"",""icon"":""icons/11.png""},""amount"":310000}"
546,0,transfer,1755718504,2025-08-20T19:35:04+00:00,False,,,,19547,12999600,6822272,Ricardo J,,,"{""player"":19547,""from"":{""id"":6822272,""name"":""Ricardo J""},""amount"":12999600}"
547,0,transfer,1755678351,2025-08-20T08:25:51+00:00,False,,,,25322,154000,8127478,Arregui,,,"{""player"":25322,""from"":{""id"":8127478,""name"":""Arregui"",""icon"":""https://lh3.googleusercontent.com/a/AItbvmlJOQCrYJFKsWPDYSjpqt1A7kAZJUhj-ZkmC-6Q=s300-c""},""amount"":154000}"
548,0,transfer,1755671451,2025-08-20T06:30:51+00:00,False,,,,32629,1753100,5684093,CD Cornisa Azul,,,"{""player"":32629,""from"":{""id"":5684093,""name"":""CD Cornisa Azul"",""icon"":""icons/42.png""},""amount"":1753100}"
549,0,market,1755666562,2025-08-20T05:09:22+00:00,False,,,,32120,7121180,,,5684093,CD Cornisa Azul,"{""player"":32120,""to"":{""id"":5684093,""name"":""CD Cornisa Azul"",""icon"":""icons/42.png""},""amount"":7121180,""bids"":[{""user"":{""id"":6826480,""name"":""Víctor Orta"",""icon"":""i/u/6826480.png""},""amount"":6960000}]}"
549,1,market,1755666562,2025-08-20T05:09:22+00:00,False,,,,28103,3344550,,,5684093,CD Cornisa Azul,"{""player"":28103,""to"":{""id"":5684093,""name"":""CD Cornisa Azul"",""icon"":""icons/42.png""},""amount"":3344550,""bids"":[{""user"":{""id"":10089858,""name"":""Karlox F.C."",""icon"":""icons/7.png""},""amount"":3111111},{""user"":{""id"":8128710,""name"":""Los vengadores"",""icon"":""icons/11.png""},""amount"":2920000}]}"
550,0,transfer,1755588873,2025-08-19T07:34:33+00:00,False,,,,30789,5944700,8128710,Los vengadores,,,"{""player"":30789,""from"":{""id"":8128710,""name"":""Los vengadores"",""icon"":""icons/11.png""},""amount"":5944700}"
550,1,transfer,1755588873,2025-08-19T07:34:33+00:00,False,,,,30502,6823300,8128710,Los vengadores,,,"{""player"":30502,""from"":{""id"":8128710,""name"":""Los vengadores"",""icon"":""icons/11.png""},""amount"":6823300}"
551,0,transfer,1755584971,2025-08-19T06:29:31+00:00,False,,,,16321,1497800,10089858,Karlox F.C.,,,"{""player"":16321,""from"":{""id"":10089858,""name"":""Karlox F.C."",""icon"":""icons/7.png""},""amount"":1497800}"
551,1,transfer,1755584971,2025-08-19T06:29:31+00:00,False,,,,6828,1678200,10089858,Karlox F.C.,,,"{""player"":6828,""from"":{""id"":10089858,""name"":""Karlox F.C."",""icon"":""icons/7.png""},""amount"":1678200}"
552,0,market,1755579961,2025-08-19T05:06:01+00:00,False,,,,10245,3170000,,,11678835,Julia,"{""player"":10245,""to"":{""id"":11678835,""name"":""Julia"",""icon"":""https://graph.facebook.com/10218096465979952/picture?height=300&width=300""},""amount"":3170000,""bids"":[{""user"":{""id"":6822272,""name"":""Ricardo J""},""amount"":2900000},{""user"":{""id"":10089858,""name"":""Karlox F.C."",""icon"":""icons/7.png""},""amount"":2888888}]}"
552,1,market,1755579961,2025-08-19T05:06:01+00:00,False,,,,23280,4777777,,,10089858,Karlox F.C.,"{""player"":23280,""to"":{""id"":10089858,""name"":""Karlox F.C."",""icon"":""icons/7.png""},""amount"":4777777}"
552,2,market,1755579961,2025-08-19T05:06:01+00:00,False,,,,1612,2401000,,,8128710,Los vengadores,"{""player"":1612,""to"":{""id"":8128710,""name"":""Los vengadores"",""icon"":""icons/11.png""},""amount"":2401000}"
552,3,market,1755579961,2025-08-19T05:06:01+00:00,False,,,,18173,5730000,,,8128710,Los vengadores,"{""player"":18173,""to"":{""id"":8128710,""name"":""Los vengadores"",""icon"":""icons/11.png""},""amount"":5730000}"
552,4,market,1755579961,2025-08-19T05:06:01+00:00,False,,,,24979,1301000,,,8128710,Los vengadores,"{""player"":24979,""to"":{""id"":8128710,""name"":""Los vengadores"",""icon"":""icons/11.png""},""amount"":1301000}"
552,5,market,1755579961,2025-08-19T05:06:01+00:00,False,,,,34488,750000,,,10089858,Karlox F.C.,"{""player"":34488,""to"":{""id"":10089858,""name"":""Karlox F.C."",""icon"":""icons/7.png""},""amount"":750000}"
553,0,transfer,1755551859,2025-08-18T21:17:39+00:00,False,,,,2597,5092400,8128710,Los vengadores,,,"{""player"":2597,""from"":{""id"":8128710,""name"":""Los vengadores"",""icon"":""icons/11.png""},""amount"":5092400}"
554,0,transfer,1755546011,2025-08-18T19:40:11+00:00,False,,,,33447,2195900,11678835,Julia,,,"{""player"":33447,""from"":{""id"":11678835,""name"":""Julia"",""icon"":""https://graph.facebook.com/10218096465979952/picture?height=300&width=300""},""amount"":2195900}"
555,0,transfer,1755520440,2025-08-18T12:34:00+00:00,False,,,,35426,1859000,8128710,Los vengadores,,,"{""player"":35426,""from"":{""id"":8128710,""name"":""Los vengadores"",""icon"":""icons/11.png""},""amount"":1859000}"
555,1,transfer,1755520440,2025-08-18T12:34:00+00:00,False,,,,35283,1228900,8128710,Los vengadores,,,"{""player"":35283,""from"":{""id"":8128710,""name"":""Los vengadores"",""icon"":""icons/11.png""},""amount"":1228900}"
556,0,transfer,1755500443,2025-08-18T07:00:43+00:00,False,,,,9068,143900,8127478,Arregui,,,"{""player"":9068,""from"":{""id"":8127478,""name"":""Arregui"",""icon"":""https://lh3.googleusercontent.com/a/AItbvmlJOQCrYJFKsWPDYSjpqt1A7kAZJUhj-ZkmC-6Q=s300-c""},""amount"":143900}"
556,1,transfer,1755500443,2025-08-18T07:00:43+00:00,False,,,,33691,1843100,6822272,Ricardo J,,,"{""player"":33691,""from"":{""id"":6822272,""name"":""Ricardo J""},""amount"":1843100}"
557,0,market,1755493792,2025-08-18T05:09:52+00:00,False,,,,38405,3360000,,,8127478,Arregui,"{""player"":38405,""to"":{""id"":8127478,""name"":""Arregui"",""icon"":""https://lh3.googleusercontent.com/a/AItbvmlJOQCrYJFKsWPDYSjpqt1A7kAZJUhj-ZkmC-6Q=s300-c""},""amount"":3360000}"
557,1,market,1755493792,2025-08-18T05:09:52+00:00,False,,,,35705,156000,,,8128710,Los vengadores,"{""player"":35705,""to"":{""id"":8128710,""name"":""Los vengadores"",""icon"":""icons/11.png""},""amount"":156000}"
557,2,market,1755493792,2025-08-18T05:09:52+00:00,False,,,,30789,5842000,,,8128710,Los vengadores,"{""player"":30789,""to"":{""id"":8128710,""name"":""Los vengadores"",""icon"":""icons/11.png""},""amount"":5842000}"
557,3,market,1755493792,2025-08-18T05:09:52+00:00,False,,,,25592,150000,,,6822272,Ricardo J,"{""player"":25592,""to"":{""id"":6822272,""name"":""Ricardo J""},""amount"":150000}"
558,0,transfer,1755455826,2025-08-17T18:37:06+00:00,False,,,,33839,2044100,6822272,Ricardo J,,,"{""player"":33839,""from"":{""id"":6822272,""name"":""Ricardo J""},""amount"":2044100}"
559,0,transfer,1755418578,2025-08-17T08:16:18+00:00,False,,,,8376,2886500,8128710,Los vengadores,,,"{""player"":8376,""from"":{""id"":8128710,""name"":""Los vengadores"",""icon"":""icons/11.png""},""amount"":2886500}"
560,0,transfer,1755414458,2025-08-17T07:07:38+00:00,False,,,,1927,5399700,10089858,Karlox F.C.,,,"{""player"":1927,""from"":{""id"":10089858,""name"":""Karlox F.C."",""icon"":""icons/7.png""},""amount"":5399700}"
561,0,market,1755407363,2025-08-17T05:09:23+00:00,False,,,,20702,4675000,,,6822272,Ricardo J,"{""player"":20702,""to"":{""id"":6822272,""name"":""Ricardo J""},""amount"":4675000,""bids"":[{""user"":{""id"":8128710,""name"":""Los vengadores"",""icon"":""icons/11.png""},""amount"":4236000},{""user"":{""id"":10089858,""name"":""Karlox F.C."",""icon"":""icons/7.png""},""amount"":4111111}]}"
561,1,market,1755407363,2025-08-17T05:09:23+00:00,False,,,,10745,5777777,,,10089858,Karlox F.C.,"{""player"":10745,""to"":{""id"":10089858,""name"":""Karlox F.C."",""icon"":""icons/7.png""},""amount"":5777777}"
561,2,market,1755407363,2025-08-17T05:09:23+00:00,False,,,,18382,360000,,,8127478,Arregui,"{""player"":18382,""to"":{""id"":8127478,""name"":""Arregui"",""icon"":""https://lh3.googleusercontent.com/a/AItbvmlJOQCrYJFKsWPDYSjpqt1A7kAZJUhj-ZkmC-6Q=s300-c""},""amount"":360000}"
562,0,transfer,1755380936,2025-08-16T21:48:56+00:00,False,,,,26678,1556100,8128710,Los vengadores,,,"{""player"":26678,""from"":{""id"":8128710,""name"":""Los vengadores"",""icon"":""icons/11.png""},""amount"":1556100}"
562,1,transfer,1755380936,2025-08-16T21:48:56+00:00,False,,,,33971,1399400,8128710,Los vengadores,,,"{""player"":33971,""from"":{""id"":8128710,""name"":""Los vengadores"",""icon"":""icons/11.png""},""amount"":1399400}"
563,0,transfer,1755328907,2025-08-16T07:21:47+00:00,False,,,,9966,2842500,6822272,Ricardo J,,,"{""player"":9966,""from"":{""id"":6822272,""name"":""Ricardo J""},""amount"":2842500}"
564,0,transfer,1755322790,2025-08-16T05:39:50+00:00,False,,,,37399,2602300,11678835,Julia,,,"{""player"":37399,""from"":{""id"":11678835,""name"":""Julia"",""icon"":""https://graph.facebook.com/10218096465979952/picture?height=300&width=300""},""amount"":2602300}"
565,0,market,1755320901,2025-08-16T05:08:21+00:00,False,,,,18174,8301000,,,8128710,Los vengadores,"{""player"":18174,""to"":{""id"":8128710,""name"":""Los vengadores"",""icon"":""icons/11.png""},""amount"":8301000}"
565,1,market,1755320901,2025-08-16T05:08:21+00:00,False,,,,11196,4770000,,,11678835,Julia,"{""player"":11196,""to"":{""id"":11678835,""name"":""Julia"",""icon"":""https://graph.facebook.com/10218096465979952/picture?height=300&width=300""},""amount"":4770000}"
565,2,market,1755320901,2025-08-16T05:08:21+00:00,False,,,,37499,7975000,,,6822272,Ricardo J,"{""player"":37499,""to"":{""id"":6822272,""name"":""Ricardo J""},""amount"":7975000}"
565,3,market,1755320901,2025-08-16T05:08:21+00:00,False,,,,1874,1466000,,,8128710,Los vengadores,"{""player"":1874,""to"":{""id"":8128710,""name"":""Los vengadores"",""icon"":""icons/11.png""},""amount"":1466000}"
566,0,transfer,1755265966,2025-08-15T13:52:46+00:00,False,,,,10030,1627900,8128710,Los vengadores,,,"{""player"":10030,""from"":{""id"":8128710,""name"":""Los vengadores"",""icon"":""icons/11.png""},""amount"":1627900}"
566,1,transfer,1755265966,2025-08-15T13:52:46+00:00,False,,,,17482,3377300,8128710,Los vengadores,,,"{""player"":17482,""from"":{""id"":8128710,""name"":""Los vengadores"",""icon"":""icons/11.png""},""amount"":3377300}"
567,0,transfer,1755263089,2025-08-15T13:04:49+00:00,False,,,,34221,250000,10089858,Karlox F.C.,6826480,Víctor Orta,"{""player"":34221,""from"":{""id"":10089858,""name"":""Karlox F.C."",""icon"":""icons/7.png""},""to"":{""id"":6826480,""name"":""Víctor Orta"",""icon"":""i/u/6826480.png""},""amount"":250000}"
568,0,transfer,1755241907,2025-08-15T07:11:47+00:00,False,,,,37600,3150000,6822272,Ricardo J,,,"{""player"":37600,""from"":{""id"":6822272,""name"":""Ricardo J""},""amount"":3150000}"
569,0,transfer,1755240797,2025-08-15T06:53:17+00:00,False,,,,28309,2762400,8127478,Arregui,,,"{""player"":28309,""from"":{""id"":8127478,""name"":""Arregui"",""icon"":""https://lh3.googleusercontent.com/a/AItbvmlJOQCrYJFKsWPDYSjpqt1A7kAZJUhj-ZkmC-6Q=s300-c""},""amount"":2762400}"
569,1,transfer,1755240797,2025-08-15T06:53:17+00:00,False,,,,9557,275200,8127478,Arregui,,,"{""player"":9557,""from"":{""id"":8127478,""name"":""Arregui"",""icon"":""https://lh3.googleusercontent.com/a/AItbvmlJOQCrYJFKsWPDYSjpqt1A7kAZJUhj-ZkmC-6Q=s300-c""},""amount"":275200}"
570,0,transfer,1755235584,2025-08-15T05:26:24+00:00,False,,,,11610,5522900,6826480,Víctor Orta,,,"{""player"":11610,""from"":{""id"":6826480,""name"":""Víctor Orta"",""icon"":""i/u/6826480.png""},""amount"":5522900}"
570,1,transfer,1755235584,2025-08-15T05:26:24+00:00,False,,,,10245,2662000,6826480,Víctor Orta,,,"{""player"":10245,""from"":{""id"":6826480,""name"":""Víctor Orta"",""icon"":""i/u/6826480.png""},""amount"":2662000}"
570,2,transfer,1755235584,2025-08-15T05:26:24+00:00,False,,,,1887,156400,11678835,Julia,,,"{""player"":1887,""from"":{""id"":11678835,""name"":""Julia"",""icon"":""https://graph.facebook.com/10218096465979952/picture?height=300&width=300""},""amount"":156400}"
570,3,transfer,1755235584,2025-08-15T05:26:24+00:00,False,,,,33921,142600,11678835,Julia,,,"{""player"":33921,""from"":{""id"":11678835,""name"":""Julia"",""icon"":""https://graph.facebook.com/10218096465979952/picture?height=300&width=300""},""amount"":142600}"
571,0,market,1755234532,2025-08-15T05:08:52+00:00,False,,,,15396,2060000,,,6826480,Víctor Orta,"{""player"":15396,""to"":{""id"":6826480,""name"":""Víctor Orta"",""icon"":""i/u/6826480.png""},""amount"":2060000,""bids"":[{""user"":{""id"":6822272,""name"":""Ricardo J""},""amount"":2030000}]}"
571,1,market,1755234532,2025-08-15T05:08:52+00:00,False,,,,35283,1210000,,,8128710,Los vengadores,"{""player"":35283,""to"":{""id"":8128710,""name"":""Los vengadores"",""icon"":""icons/11.png""},""amount"":1210000,""bids"":[{""user"":{""id"":6826480,""name"":""Víctor Orta"",""icon"":""i/u/6826480.png""},""amount"":1090000}]}"
571,2,market,1755234532,2025-08-15T05:08:52+00:00,False,,,,4245,2850000,,,6826480,Víctor Orta,"{""player"":4245,""to"":{""id"":6826480,""name"":""Víctor Orta"",""icon"":""i/u/6826480.png""},""amount"":2850000,""bids"":[{""user"":{""id"":6822272,""name"":""Ricardo J""},""amount"":2770000},{""user"":{""id"":8128710,""name"":""Los vengadores"",""icon"":""icons/11.png""},""amount"":2740020}]}"
571,3,market,1755234532,2025-08-15T05:08:52+00:00,False,,,,26697,630000,,,8128710,Los vengadores,"{""player"":26697,""to"":{""id"":8128710,""name"":""Los vengadores"",""icon"":""icons/11.png""},""amount"":630000,""bids"":[{""user"":{""id"":8127478,""name"":""Arregui"",""icon"":""https://lh3.googleusercontent.com/a/AItbvmlJOQCrYJFKsWPDYSjpqt1A7kAZJUhj-ZkmC-6Q=s300-c""},""amount"":350000},{""user"":{""id"":10089858,""name"":""Karlox F.C."",""icon"":""icons/7.png""},""amount"":260111}]}"
571,4,market,1755234532,2025-08-15T05:08:52+00:00,False,,,,37741,590000,,,6826480,Víctor Orta,"{""player"":37741,""to"":{""id"":6826480,""name"":""Víctor Orta"",""icon"":""i/u/6826480.png""},""amount"":590000}"
571,5,market,1755234532,2025-08-15T05:08:52+00:00,False,,,,25394,160000,,,6826480,Víctor Orta,"{""player"":25394,""to"":{""id"":6826480,""name"":""Víctor Orta"",""icon"":""i/u/6826480.png""},""amount"":160000}"
571,6,market,1755234532,2025-08-15T05:08:52+00:00,False,,,,38216,1240010,,,10089858,Karlox F.C.,"{""player"":38216,""to"":{""id"":10089858,""name"":""Karlox F.C."",""icon"":""icons/7.png""},""amount"":1240010}"
572,0,transfer,1755157420,2025-08-14T07:43:40+00:00,False,,,,12403,2339200,8127478,Arregui,,,"{""player"":12403,""from"":{""id"":8127478,""name"":""Arregui"",""icon"":""https://lh3.googleusercontent.com/a/AItbvmlJOQCrYJFKsWPDYSjpqt1A7kAZJUhj-ZkmC-6Q=s300-c""},""amount"":2339200}"
572,1,transfer,1755157420,2025-08-14T07:43:40+00:00,False,,,,25127,2629800,8127478,Arregui,,,"{""player"":25127,""from"":{""id"":8127478,""name"":""Arregui"",""icon"":""https://lh3.googleusercontent.com/a/AItbvmlJOQCrYJFKsWPDYSjpqt1A7kAZJUhj-ZkmC-6Q=s300-c""},""amount"":2629800}"
573,0,transfer,1755155968,2025-08-14T07:19:28+00:00,False,,,,17731,3191000,8128710,Los vengadores,,,"{""player"":17731,""from"":{""id"":8128710,""name"":""Los vengadores"",""icon"":""icons/11.png""},""amount"":3191000}"
574,0,transfer,1755151838,2025-08-14T06:10:38+00:00,False,,,,37416,4224100,11678835,Julia,,,"{""player"":37416,""from"":{""id"":11678835,""name"":""Julia"",""icon"":""https://graph.facebook.com/10218096465979952/picture?height=300&width=300""},""amount"":4224100}"
575,0,market,1755148418,2025-08-14T05:13:38+00:00,False,,,,38189,641000,,,8128710,Los vengadores,"{""player"":38189,""to"":{""id"":8128710,""name"":""Los vengadores"",""icon"":""icons/11.png""},""amount"":641000}"
575,1,market,1755148418,2025-08-14T05:13:38+00:00,False,,,,33447,2690000,,,11678835,Julia,"{""player"":33447,""to"":{""id"":11678835,""name"":""Julia"",""icon"":""https://graph.facebook.com/10218096465979952/picture?height=300&width=300""},""amount"":2690000,""bids"":[{""user"":{""id"":8127478,""name"":""Arregui"",""icon"":""https://lh3.googleusercontent.com/a/AItbvmlJOQCrYJFKsWPDYSjpqt1A7kAZJUhj-ZkmC-6Q=s300-c""},""amount"":2290000}]}"
575,2,market,1755148418,2025-08-14T05:13:38+00:00,False,,,,11633,7930000,,,11678835,Julia,"{""player"":11633,""to"":{""id"":11678835,""name"":""Julia"",""icon"":""https://graph.facebook.com/10218096465979952/picture?height=300&width=300""},""amount"":7930000}"
575,3,market,1755148418,2025-08-14T05:13:38+00:00,False,,,,27996,2000000,,,8127478,Arregui,"{""player"":27996,""to"":{""id"":8127478,""name"":""Arregui"",""icon"":""https://lh3.googleusercontent.com/a/AItbvmlJOQCrYJFKsWPDYSjpqt1A7kAZJUhj-ZkmC-6Q=s300-c""},""amount"":2000000}"
576,0,transfer,1755073189,2025-08-13T08:19:49+00:00,False,,,,34173,151200,11678835,Julia,,,"{""player"":34173,""from"":{""id"":11678835,""name"":""Julia"",""icon"":""https://graph.facebook.com/10218096465979952/picture?height=300&width=300""},""amount"":151200}"
576,1,transfer,1755073189,2025-08-13T08:19:49+00:00,False,,,,1834,156400,11678835,Julia,,,"{""player"":1834,""from"":{""id"":11678835,""name"":""Julia"",""icon"":""https://graph.facebook.com/10218096465979952/picture?height=300&width=300""},""amount"":156400}"
576,2,transfer,1755073189,2025-08-13T08:19:49+00:00,False,,,,37896,154800,11678835,Julia,,,"{""player"":37896,""from"":{""id"":11678835,""name"":""Julia"",""icon"":""https://graph.facebook.com/10218096465979952/picture?height=300&width=300""},""amount"":154800}"
577,0,transfer,1755068480,2025-08-13T07:01:20+00:00,False,,,,26092,3953000,8128710,Los vengadores,,,"{""player"":26092,""from"":{""id"":8128710,""name"":""Los vengadores"",""icon"":""icons/11.png""},""amount"":3953000}"
578,0,transfer,1755066033,2025-08-13T06:20:33+00:00,False,,,,10745,5418600,6822272,Ricardo J,,,"{""player"":10745,""from"":{""id"":6822272,""name"":""Ricardo J""},""amount"":5418600}"
579,0,market,1755061662,2025-08-13T05:07:42+00:00,False,,,,30502,7020000,,,8128710,Los vengadores,"{""player"":30502,""to"":{""id"":8128710,""name"":""Los vengadores"",""icon"":""icons/11.png""},""amount"":7020000,""bids"":[{""user"":{""id"":11678835,""name"":""Julia"",""icon"":""https://graph.facebook.com/10218096465979952/picture?height=300&width=300""},""amount"":6810000},{""user"":{""id"":10089858,""name"":""Karlox F.C."",""icon"":""icons/7.png""},""amount"":6099999}]}"
579,1,market,1755061662,2025-08-13T05:07:42+00:00,False,,,,26930,19100000,,,8127478,Arregui,"{""player"":26930,""to"":{""id"":8127478,""name"":""Arregui"",""icon"":""https://lh3.googleusercontent.com/a/AItbvmlJOQCrYJFKsWPDYSjpqt1A7kAZJUhj-ZkmC-6Q=s300-c""},""amount"":19100000}"
579,2,market,1755061662,2025-08-13T05:07:42+00:00,False,,,,17482,3350000,,,8128710,Los vengadores,"{""player"":17482,""to"":{""id"":8128710,""name"":""Los vengadores"",""icon"":""icons/11.png""},""amount"":3350000}"
579,3,market,1755061662,2025-08-13T05:07:42+00:00,False,,,,17021,6190000,,,11678835,Julia,"{""player"":17021,""to"":{""id"":11678835,""name"":""Julia"",""icon"":""https://graph.facebook.com/10218096465979952/picture?height=300&width=300""},""amount"":6190000}"
579,4,market,1755061662,2025-08-13T05:07:42+00:00,False,,,,9966,3250000,,,6822272,Ricardo J,"{""player"":9966,""to"":{""id"":6822272,""name"":""Ricardo J""},""amount"":3250000,""bids"":[{""user"":{""id"":11678835,""name"":""Julia"",""icon"":""https://graph.facebook.com/10218096465979952/picture?height=300&width=300""},""amount"":3170000}]}"
580,0,transfer,1754984882,2025-08-12T07:48:02+00:00,False,,,,22699,1019200,8128710,Los vengadores,,,"{""player"":22699,""from"":{""id"":8128710,""name"":""Los vengadores"",""icon"":""icons/11.png""},""amount"":1019200}"
580,1,transfer,1754984882,2025-08-12T07:48:02+00:00,False,,,,26276,4616100,10089858,Karlox F.C.,,,"{""player"":26276,""from"":{""id"":10089858,""name"":""Karlox F.C."",""icon"":""icons/7.png""},""amount"":4616100}"
581,0,transfer,1754983915,2025-08-12T07:31:55+00:00,False,,,,29678,916000,8128710,Los vengadores,,,"{""player"":29678,""from"":{""id"":8128710,""name"":""Los vengadores"",""icon"":""icons/11.png""},""amount"":916000}"
582,0,transfer,1754981456,2025-08-12T06:50:56+00:00,False,,,,31228,149100,10089858,Karlox F.C.,,,"{""player"":31228,""from"":{""id"":10089858,""name"":""Karlox F.C."",""icon"":""icons/7.png""},""amount"":149100}"
582,1,transfer,1754981456,2025-08-12T06:50:56+00:00,False,,,,5618,196000,10089858,Karlox F.C.,,,"{""player"":5618,""from"":{""id"":10089858,""name"":""Karlox F.C."",""icon"":""icons/7.png""},""amount"":196000}"
583,0,transfer,1754979290,2025-08-12T06:14:50+00:00,False,,,,25398,2518900,6822272,Ricardo J,,,"{""player"":25398,""from"":{""id"":6822272,""name"":""Ricardo J""},""amount"":2518900}"
584,0,market,1754975391,2025-08-12T05:09:51+00:00,False,,,,32134,4770000,,,6822272,Ricardo J,"{""player"":32134,""to"":{""id"":6822272,""name"":""Ricardo J""},""amount"":4770000,""bids"":[{""user"":{""id"":8128710,""name"":""Los vengadores"",""icon"":""icons/11.png""},""amount"":4630000},{""user"":{""id"":8127478,""name"":""Arregui"",""icon"":""https://lh3.googleusercontent.com/a/AItbvmlJOQCrYJFKsWPDYSjpqt1A7kAZJUhj-ZkmC-6Q=s300-c""},""amount"":4570000}]}"
584,1,market,1754975391,2025-08-12T05:09:51+00:00,False,,,,34527,14670000,,,6826480,Víctor Orta,"{""player"":34527,""to"":{""id"":6826480,""name"":""Víctor Orta"",""icon"":""i/u/6826480.png""},""amount"":14670000}"
584,2,market,1754975391,2025-08-12T05:09:51+00:00,False,,,,38290,4150000,,,6826480,Víctor Orta,"{""player"":38290,""to"":{""id"":6826480,""name"":""Víctor Orta"",""icon"":""i/u/6826480.png""},""amount"":4150000,""bids"":[{""user"":{""id"":8127478,""name"":""Arregui"",""icon"":""https://lh3.googleusercontent.com/a/AItbvmlJOQCrYJFKsWPDYSjpqt1A7kAZJUhj-ZkmC-6Q=s300-c""},""amount"":3750000}]}"
584,3,market,1754975391,2025-08-12T05:09:51+00:00,False,,,,8376,2850020,,,8128710,Los vengadores,"{""player"":8376,""to"":{""id"":8128710,""name"":""Los vengadores"",""icon"":""icons/11.png""},""amount"":2850020}"
584,4,market,1754975391,2025-08-12T05:09:51+00:00,False,,,,18178,3150000,,,6822272,Ricardo J,"{""player"":18178,""to"":{""id"":6822272,""name"":""Ricardo J""},""amount"":3150000,""bids"":[{""user"":{""id"":8128710,""name"":""Los vengadores"",""icon"":""icons/11.png""},""amount"":2810000}]}"
584,5,market,1754975391,2025-08-12T05:09:51+00:00,False,,,,2597,4660000,,,8128710,Los vengadores,"{""player"":2597,""to"":{""id"":8128710,""name"":""Los vengadores"",""icon"":""icons/11.png""},""amount"":4660000}"
585,0,transfer,1754933711,2025-08-11T17:35:11+00:00,False,,,,34483,3444800,8128710,Los vengadores,,,"{""player"":34483,""from"":{""id"":8128710,""name"":""Los vengadores"",""icon"":""icons/11.png""},""amount"":3444800}"
585,1,transfer,1754933711,2025-08-11T17:35:11+00:00,False,,,,24326,2596100,8128710,Los vengadores,,,"{""player"":24326,""from"":{""id"":8128710,""name"":""Los vengadores"",""icon"":""icons/11.png""},""amount"":2596100}"
586,0,transfer,1754931201,2025-08-11T16:53:21+00:00,False,,,,34149,153200,6826480,Víctor Orta,,,"{""player"":34149,""from"":{""id"":6826480,""name"":""Víctor Orta"",""icon"":""i/u/6826480.png""},""amount"":153200}"
586,1,transfer,1754931201,2025-08-11T16:53:21+00:00,False,,,,32020,2899800,6826480,Víctor Orta,,,"{""player"":32020,""from"":{""id"":6826480,""name"":""Víctor Orta"",""icon"":""i/u/6826480.png""},""amount"":2899800}"
586,2,transfer,1754931201,2025-08-11T16:53:21+00:00,False,,,,33707,233000,6826480,Víctor Orta,,,"{""player"":33707,""from"":{""id"":6826480,""name"":""Víctor Orta"",""icon"":""i/u/6826480.png""},""amount"":233000}"
586,3,transfer,1754931201,2025-08-11T16:53:21+00:00,False,,,,32464,165400,6826480,Víctor Orta,,,"{""player"":32464,""from"":{""id"":6826480,""name"":""Víctor Orta"",""icon"":""i/u/6826480.png""},""amount"":165400}"
586,4,transfer,1754931201,2025-08-11T16:53:21+00:00,False,,,,37714,271400,6826480,Víctor Orta,,,"{""player"":37714,""from"":{""id"":6826480,""name"":""Víctor Orta"",""icon"":""i/u/6826480.png""},""amount"":271400}"
586,5,transfer,1754931201,2025-08-11T16:53:21+00:00,False,,,,32423,220100,6826480,Víctor Orta,,,"{""player"":32423,""from"":{""id"":6826480,""name"":""Víctor Orta"",""icon"":""i/u/6826480.png""},""amount"":220100}"
586,6,transfer,1754931201,2025-08-11T16:53:21+00:00,False,,,,18128,168100,6826480,Víctor Orta,,,"{""player"":18128,""from"":{""id"":6826480,""name"":""Víctor Orta"",""icon"":""i/u/6826480.png""},""amount"":168100}"
586,7,transfer,1754931201,2025-08-11T16:53:21+00:00,False,,,,24979,704200,6826480,Víctor Orta,,,"{""player"":24979,""from"":{""id"":6826480,""name"":""Víctor Orta"",""icon"":""i/u/6826480.png""},""amount"":704200}"
586,8,transfer,1754931201,2025-08-11T16:53:21+00:00,False,,,,9462,154000,6826480,Víctor Orta,,,"{""player"":9462,""from"":{""id"":6826480,""name"":""Víctor Orta"",""icon"":""i/u/6826480.png""},""amount"":154000}"
587,0,transfer,1754925518,2025-08-11T15:18:38+00:00,False,,,,2602,1936600,6822272,Ricardo J,,,"{""player"":2602,""from"":{""id"":6822272,""name"":""Ricardo J""},""amount"":1936600}"
588,0,transfer,1754916167,2025-08-11T12:42:47+00:00,False,,,,37467,155500,5684093,CD Cornisa Azul,,,"{""player"":37467,""from"":{""id"":5684093,""name"":""CD Cornisa Azul"",""icon"":""icons/42.png""},""amount"":155500}"
589,0,transfer,1754896461,2025-08-11T07:14:21+00:00,False,,,,1679,2214900,8127478,Arregui,,,"{""player"":1679,""from"":{""id"":8127478,""name"":""Arregui"",""icon"":""https://lh3.googleusercontent.com/a/AItbvmlJOQCrYJFKsWPDYSjpqt1A7kAZJUhj-ZkmC-6Q=s300-c""},""amount"":2214900}"
590,0,market,1754888743,2025-08-11T05:05:43+00:00,False,,,,11,5111111,,,10089858,Karlox F.C.,"{""player"":11,""to"":{""id"":10089858,""name"":""Karlox F.C."",""icon"":""icons/7.png""},""amount"":5111111,""bids"":[{""user"":{""id"":8127478,""name"":""Arregui"",""icon"":""https://lh3.googleusercontent.com/a/AItbvmlJOQCrYJFKsWPDYSjpqt1A7kAZJUhj-ZkmC-6Q=s300-c""},""amount"":5100000}]}"
591,0,transfer,1754811889,2025-08-10T07:44:49+00:00,False,,,,38216,1446900,6822272,Ricardo J,,,"{""player"":38216,""from"":{""id"":6822272,""name"":""Ricardo J""},""amount"":1446900}"
592,0,transfer,1754810151,2025-08-10T07:15:51+00:00,False,,,,34803,150800,10089858,Karlox F.C.,,,"{""player"":34803,""from"":{""id"":10089858,""name"":""Karlox F.C."",""icon"":""icons/7.png""},""amount"":150800}"
592,1,transfer,1754810151,2025-08-10T07:15:51+00:00,False,,,,35408,149100,10089858,Karlox F.C.,,,"{""player"":35408,""from"":{""id"":10089858,""name"":""Karlox F.C."",""icon"":""icons/7.png""},""amount"":149100}"
592,2,transfer,1754810151,2025-08-10T07:15:51+00:00,False,,,,37723,228700,10089858,Karlox F.C.,,,"{""player"":37723,""from"":{""id"":10089858,""name"":""Karlox F.C."",""icon"":""icons/7.png""},""amount"":228700}"
593,0,transfer,1754808644,2025-08-10T06:50:44+00:00,False,,,,32456,845500,8127478,Arregui,,,"{""player"":32456,""from"":{""id"":8127478,""name"":""Arregui"",""icon"":""https://lh3.googleusercontent.com/a/AItbvmlJOQCrYJFKsWPDYSjpqt1A7kAZJUhj-ZkmC-6Q=s300-c""},""amount"":845500}"
594,0,market,1754802424,2025-08-10T05:07:04+00:00,False,,,,19547,14100000,,,6822272,Ricardo J,"{""player"":19547,""to"":{""id"":6822272,""name"":""Ricardo J""},""amount"":14100000}"
594,1,market,1754802424,2025-08-10T05:07:04+00:00,False,,,,3159,6316000,,,5684093,CD Cornisa Azul,"{""player"":3159,""to"":{""id"":5684093,""name"":""CD Cornisa Azul"",""icon"":""icons/42.png""},""amount"":6316000}"
594,2,market,1754802424,2025-08-10T05:07:04+00:00,False,,,,33938,3099999,,,10089858,Karlox F.C.,"{""player"":33938,""to"":{""id"":10089858,""name"":""Karlox F.C."",""icon"":""icons/7.png""},""amount"":3099999}"
595,0,market,1754716029,2025-08-09T05:07:09+00:00,False,,,,26276,5111111,,,10089858,Karlox F.C.,"{""player"":26276,""to"":{""id"":10089858,""name"":""Karlox F.C."",""icon"":""icons/7.png""},""amount"":5111111,""bids"":[{""user"":{""id"":8128710,""name"":""Los vengadores"",""icon"":""icons/11.png""},""amount"":4770020}]}"
595,1,market,1754716029,2025-08-09T05:07:09+00:00,False,,,,33516,3710020,,,8128710,Los vengadores,"{""player"":33516,""to"":{""id"":8128710,""name"":""Los vengadores"",""icon"":""icons/11.png""},""amount"":3710020,""bids"":[{""user"":{""id"":6822272,""name"":""Ricardo J""},""amount"":3590000}]}"
595,2,market,1754716029,2025-08-09T05:07:09+00:00,False,,,,24474,1888888,,,10089858,Karlox F.C.,"{""player"":24474,""to"":{""id"":10089858,""name"":""Karlox F.C."",""icon"":""icons/7.png""},""amount"":1888888,""bids"":[{""user"":{""id"":8128710,""name"":""Los vengadores"",""icon"":""icons/11.png""},""amount"":1720000}]}"
595,3,market,1754716029,2025-08-09T05:07:09+00:00,False,,,,33972,770000,,,10089858,Karlox F.C.,"{""player"":33972,""to"":{""id"":10089858,""name"":""Karlox F.C."",""icon"":""icons/7.png""},""amount"":770000,""bids"":[{""user"":{""id"":6822272,""name"":""Ricardo J""},""amount"":650000},{""user"":{""id"":8128710,""name"":""Los vengadores"",""icon"":""icons/11.png""},""amount"":630020}]}"
595,4,market,1754716029,2025-08-09T05:07:09+00:00,False,,,,26678,810050,,,8128710,Los vengadores,"{""player"":26678,""to"":{""id"":8128710,""name"":""Los vengadores"",""icon"":""icons/11.png""},""amount"":810050,""bids"":[{""user"":{""id"":6822272,""name"":""Ricardo J""},""amount"":555000},{""user"":{""id"":10089858,""name"":""Karlox F.C."",""icon"":""icons/7.png""},""amount"":480010}]}"
595,5,market,1754716029,2025-08-09T05:07:09+00:00,False,,,,29678,920030,,,8128710,Los vengadores,"{""player"":29678,""to"":{""id"":8128710,""name"":""Los vengadores"",""icon"":""icons/11.png""},""amount"":920030}"
595,6,market,1754716029,2025-08-09T05:07:09+00:00,False,,,,30081,5050050,,,8128710,Los vengadores,"{""player"":30081,""to"":{""id"":8128710,""name"":""Los vengadores"",""icon"":""icons/11.png""},""amount"":5050050}"
595,7,market,1754716029,2025-08-09T05:07:09+00:00,False,,,,33971,1260020,,,8128710,Los vengadores,"{""player"":33971,""to"":{""id"":8128710,""name"":""Los vengadores"",""icon"":""icons/11.png""},""amount"":1260020,""bids"":[{""user"":{""id"":10089858,""name"":""Karlox F.C."",""icon"":""icons/7.png""},""amount"":1260010}]}"
